//  SVF file written by ATMISP version 7.3
//  Created on: Tue Sep 15 15:08:25 2026
//  SVF Rev. D  
TRST ABSENT;
ENDIR IDLE;
ENDDR IDLE;
HDR 0;
HIR 0;
TDR 0;
TIR 0;
RUNTEST 50021E-6 SEC;
STATE RESET;
STATE IDLE;
RUNTEST 50021E-6 SEC;
SIR 10 TDI (280);
SDR 10 TDI (1b9);
STATE IDLE;
SIR 10 TDI (059);
SDR 32 TDI (ffffffff)
	TDO (0150803f)
	MASK (ffffffff);
STATE IDLE;
SIR 10 TDI (2b3);
SIR 10 TDI (29e);
STATE IDLE;
RUNTEST 210001E-6 SEC;
SIR 10 TDI (2bf);
STATE IDLE;
STATE RESET;
RUNTEST 50001E-6 SEC;
STATE IDLE;
SIR 10 TDI (280);
SDR 10 TDI (000);
STATE IDLE;
RUNTEST 10001E-6 SEC;
STATE RESET;
RUNTEST 50021E-6 SEC;
RUNTEST 50021E-6 SEC;
STATE RESET;
STATE IDLE;
RUNTEST 50021E-6 SEC;
SIR 10 TDI (280);
SDR 10 TDI (1b9);
STATE IDLE;
SIR 10 TDI (2a1);
SDR 11 TDI (00c);
SIR 10 TDI (290);
SDR 326 TDI (3ff3e01e0403f0fc380fc5ffa008fa05ffa3e8fa0000001affc6000018003f00fbf0ff83ffffff7fff);
SIR 10 TDI (29e);
STATE IDLE;
RUNTEST 30001E-6 SEC;
SIR 10 TDI (2bf);
SIR 10 TDI (2a1);
SDR 11 TDI (00d);
SIR 10 TDI (290);
SDR 326 TDI (1ff3e01e0403f0fc380fc5ffa008fa05ffa3e8fa0000001affc6000018003f00fbf0ff83fffc1fffff);
SIR 10 TDI (29e);
STATE IDLE;
RUNTEST 30001E-6 SEC;
SIR 10 TDI (2bf);
SIR 10 TDI (2a1);
SDR 11 TDI (00e);
SIR 10 TDI (290);
SDR 326 TDI (01f3e01e0403f0fc380fc5ffa008fa05ffa3e8fa00000018ffc6000018003f00fbf0ff83fffc1fffff);
SIR 10 TDI (29e);
STATE IDLE;
RUNTEST 30001E-6 SEC;
SIR 10 TDI (2bf);
SIR 10 TDI (2a1);
SDR 11 TDI (00f);
SIR 10 TDI (290);
SDR 326 TDI (01f3e01e0403f0fc380fc5ffa008fa05ffa3e8fa0000001affc6000018003f00fbf0ff83ffffffffff);
SIR 10 TDI (29e);
STATE IDLE;
RUNTEST 30001E-6 SEC;
SIR 10 TDI (2bf);
SIR 10 TDI (2a1);
SDR 11 TDI (010);
SIR 10 TDI (290);
SDR 326 TDI (3ff3e01e0403f0fc380fc5ffa008fa05ffa3e8fa0000001affc6000018003f00c3f0fc03ffffffffff);
SIR 10 TDI (29e);
STATE IDLE;
RUNTEST 30001E-6 SEC;
SIR 10 TDI (2bf);
SIR 10 TDI (2a1);
SDR 11 TDI (011);
SIR 10 TDI (290);
SDR 326 TDI (3ff3e01e040220fc380fc5ffa008fa05ffa3e8fa0000001affc6000018003f00fbf0ff83ffffffffff);
SIR 10 TDI (29e);
STATE IDLE;
RUNTEST 30001E-6 SEC;
SIR 10 TDI (2bf);
SIR 10 TDI (2a1);
SDR 11 TDI (012);
SIR 10 TDI (290);
SDR 326 TDI (3ff3e01e0403f0fc380fc5ffa008fa05ffa3e8fa0000001affc6000018003f00fbf0ff83ffffffffff);
SIR 10 TDI (29e);
STATE IDLE;
RUNTEST 30001E-6 SEC;
SIR 10 TDI (2bf);
SIR 10 TDI (2a1);
SDR 11 TDI (013);
SIR 10 TDI (290);
SDR 326 TDI (3ff3e01e040220fc380fc5ffa008fa05ffa3e8fa0000001af806000018003f00fbf0ff83ffffeff7ff);
SIR 10 TDI (29e);
STATE IDLE;
RUNTEST 30001E-6 SEC;
SIR 10 TDI (2bf);
SIR 10 TDI (2a1);
SDR 11 TDI (014);
SIR 10 TDI (290);
SDR 326 TDI (3ff3e01e040220fc380fc5ffa008fa05ffa3e8fa0000001affc6000018003f00fbf0ff83fffc1fffff);
SIR 10 TDI (29e);
STATE IDLE;
RUNTEST 30001E-6 SEC;
SIR 10 TDI (2bf);
SIR 10 TDI (2a1);
SDR 11 TDI (015);
SIR 10 TDI (290);
SDR 326 TDI (3ff3e01e0403f0fc380fc5ffa008fa05ffa3e8fa0000001af806000018003f00fbf0ff83ffffffffff);
SIR 10 TDI (29e);
STATE IDLE;
RUNTEST 30001E-6 SEC;
SIR 10 TDI (2bf);
SIR 10 TDI (2a1);
SDR 11 TDI (016);
SIR 10 TDI (290);
SDR 326 TDI (01f3e01e0403f0fc380fc5ffa008fa05ffa3e8fa00000018ffc6000018003f00fbf0ff83fffc1fffff);
SIR 10 TDI (29e);
STATE IDLE;
RUNTEST 30001E-6 SEC;
SIR 10 TDI (2bf);
SIR 10 TDI (2a1);
SDR 11 TDI (017);
SIR 10 TDI (290);
SDR 326 TDI (3ff3e01e0403f0fc380fc5ffa008fa05ffa3e8fa0000001affc6000018003f00fbf0ff83ffffffffff);
SIR 10 TDI (29e);
STATE IDLE;
RUNTEST 30001E-6 SEC;
SIR 10 TDI (2bf);
SIR 10 TDI (2a1);
SDR 11 TDI (018);
SIR 10 TDI (290);
SDR 326 TDI (01f3e01e0403f0fc380fc5ffa008fa05ffa3e8fa0000001affc6000018003f00fbf0ff83fffc1fffff);
SIR 10 TDI (29e);
STATE IDLE;
RUNTEST 30001E-6 SEC;
SIR 10 TDI (2bf);
SIR 10 TDI (2a1);
SDR 11 TDI (019);
SIR 10 TDI (290);
SDR 326 TDI (3df3e01e0403f0fc380fc5ffa008fa05ffa3e8fa0000001affc6000018003f00fbf0ff83fffddfffff);
SIR 10 TDI (29e);
STATE IDLE;
RUNTEST 30001E-6 SEC;
SIR 10 TDI (2bf);
SIR 10 TDI (2a1);
SDR 11 TDI (01a);
SIR 10 TDI (290);
SDR 326 TDI (3ff3e01e0403f0fc380fc5ffa008fa05ffa3e8fa0000001affc6000018003f00f3f0ff03ffffffffff);
SIR 10 TDI (29e);
STATE IDLE;
RUNTEST 30001E-6 SEC;
SIR 10 TDI (2bf);
SIR 10 TDI (2a1);
SDR 11 TDI (01b);
SIR 10 TDI (290);
SDR 326 TDI (3ff3e01e0403f0fc380fc5ffa008fa05ffa3e8fa0000001affc6000018003f00fbf0ff83ffffffffff);
SIR 10 TDI (29e);
STATE IDLE;
RUNTEST 30001E-6 SEC;
SIR 10 TDI (2bf);
SIR 10 TDI (2a1);
SDR 11 TDI (01c);
SIR 10 TDI (290);
SDR 326 TDI (3ff3e01e0403f0fc380fc5ffa008fa05ffa3e8fa0000001afe46000018003f00fbf0ff83ffffffffff);
SIR 10 TDI (29e);
STATE IDLE;
RUNTEST 30001E-6 SEC;
SIR 10 TDI (2bf);
SIR 10 TDI (2a1);
SDR 11 TDI (01d);
SIR 10 TDI (290);
SDR 326 TDI (3ff3e01e0403f0fc380fc4efa008fa05ffa3e8fa0000001af7c6000018003f00fbf0ff83ffffffffff);
SIR 10 TDI (29e);
STATE IDLE;
RUNTEST 30001E-6 SEC;
SIR 10 TDI (2bf);
SIR 10 TDI (2a1);
SDR 11 TDI (01e);
SIR 10 TDI (290);
SDR 326 TDI (3ff3e01e0403f0fc380fc5fea008ca05ffa040fa0000001aefc6000018003d00fbf0ff83ffffffffff);
SIR 10 TDI (29e);
STATE IDLE;
RUNTEST 30001E-6 SEC;
SIR 10 TDI (2bf);
SIR 10 TDI (2a1);
SDR 11 TDI (01f);
SIR 10 TDI (290);
SDR 326 TDI (3ff3e01e0403f0fc380fc5fda008fa05ffa3e8fa0000001affc6000018003f00fbf0ff83ffffffffff);
SIR 10 TDI (29e);
STATE IDLE;
RUNTEST 30001E-6 SEC;
SIR 10 TDI (2bf);
SIR 10 TDI (2a1);
SDR 11 TDI (020);
SIR 10 TDI (290);
SDR 326 TDI (3ff2e01e0403f0fc380fc5ffa008fa05ffa3e8fa0000001affc2000010003700ab60b282eff3ecf7ff);
SIR 10 TDI (29e);
STATE IDLE;
RUNTEST 30001E-6 SEC;
SIR 10 TDI (2bf);
SIR 10 TDI (2a1);
SDR 11 TDI (021);
SIR 10 TDI (290);
SDR 326 TDI (3ff3e0160403f0fc380fc5ffa008fa05ffa3e8fa0000001affc6000018003f0050904d031ffdffe83f);
SIR 10 TDI (29e);
STATE IDLE;
RUNTEST 30001E-6 SEC;
SIR 10 TDI (2bf);
SIR 10 TDI (2a1);
SDR 11 TDI (022);
SIR 10 TDI (290);
SDR 326 TDI (3ec3e01e0403f0fc380fc5ffa008fa05ffa3e8fa0000001affc6000010003f00f9d0ff82efffffffff);
SIR 10 TDI (29e);
STATE IDLE;
RUNTEST 30001E-6 SEC;
SIR 10 TDI (2bf);
SIR 10 TDI (2a1);
SDR 11 TDI (023);
SIR 10 TDI (290);
SDR 326 TDI (27f3e01e0402f0fc380dc5ffa0083205ffa3e8fa0000001affc6000018003f00bbf0ff83dfffffffff);
SIR 10 TDI (29e);
STATE IDLE;
RUNTEST 30001E-6 SEC;
SIR 10 TDI (2bf);
SIR 10 TDI (2a1);
SDR 11 TDI (024);
SIR 10 TDI (290);
SDR 326 TDI (3ff3e01e0403d0fc380fc5ffa008fa05ffa3e8fa0000001affc6000018002f00fbf0ff83ffffffffff);
SIR 10 TDI (29e);
STATE IDLE;
RUNTEST 30001E-6 SEC;
SIR 10 TDI (2bf);
SIR 10 TDI (2a1);
SDR 11 TDI (025);
SIR 10 TDI (290);
SDR 326 TDI (3ff3e01e0403f0fc380fc5ffa008fa05ffa3e8fa0000001affc6000018003f00fbf0ff83ffffffffff);
SIR 10 TDI (29e);
STATE IDLE;
RUNTEST 30001E-6 SEC;
SIR 10 TDI (2bf);
SIR 10 TDI (2a1);
SDR 11 TDI (026);
SIR 10 TDI (290);
SDR 326 TDI (3ff3e01e0403f0fc380fc5fda008fa05ffa3e8fa0000001adfc6000018003f00fbf0ff83ffffffffff);
SIR 10 TDI (29e);
STATE IDLE;
RUNTEST 30001E-6 SEC;
SIR 10 TDI (2bf);
SIR 10 TDI (2a1);
SDR 11 TDI (027);
SIR 10 TDI (290);
SDR 326 TDI (3ff3e01a0403f0fc380fc5fea008fa05ffa3e8fa0000001affc6000018003f00fbf0ff83ffcff3ffff);
SIR 10 TDI (29e);
STATE IDLE;
RUNTEST 30001E-6 SEC;
SIR 10 TDI (2bf);
SIR 10 TDI (2a1);
SDR 11 TDI (028);
SIR 10 TDI (290);
SDR 326 TDI (3ff3e01e0403f0fc380fc5ffa008fa05ffa3e8fa0000001afec6000018003f00f9d0ff82efffffffff);
SIR 10 TDI (29e);
STATE IDLE;
RUNTEST 30001E-6 SEC;
SIR 10 TDI (2bf);
SIR 10 TDI (2a1);
SDR 11 TDI (029);
SIR 10 TDI (290);
SDR 326 TDI (3ff3e01e0403f0fc380fc5ffa008fa05ffa3e8fa0000001affc6000018003f00fbf0ff83ffffffffff);
SIR 10 TDI (29e);
STATE IDLE;
RUNTEST 30001E-6 SEC;
SIR 10 TDI (2bf);
SIR 10 TDI (2a1);
SDR 11 TDI (02a);
SIR 10 TDI (290);
SDR 326 TDI (2740a0020402b07c0808c5ffa008f2055fa228720000001af384000018003f00c3f0fc03ffffffffff);
SIR 10 TDI (29e);
STATE IDLE;
RUNTEST 30001E-6 SEC;
SIR 10 TDI (2bf);
SIR 10 TDI (2a1);
SDR 11 TDI (02b);
SIR 10 TDI (290);
SDR 326 TDI (1db3c01c0401e0cc380f853fa008fa04bfa1c88a0000001aff46000018003f00fbf0ff83ffffffffff);
SIR 10 TDI (29e);
STATE IDLE;
RUNTEST 30001E-6 SEC;
SIR 10 TDI (2bf);
SIR 10 TDI (2a1);
SDR 11 TDI (02c);
SIR 10 TDI (290);
SDR 326 TDI (3ff3e01e0403f0fc300fc5ffa008ca05f7a268fa0000001aff86000018003700f05037000fffffffff);
SIR 10 TDI (29e);
STATE IDLE;
RUNTEST 30001E-6 SEC;
SIR 10 TDI (2bf);
SIR 10 TDI (2a1);
SDR 11 TDI (02d);
SIR 10 TDI (290);
SDR 326 TDI (3ff3e01e0403f0e0380fc5ffa008fa05ff21c8fa0000001affc6000018003f000bb0cc83ffffffefff);
SIR 10 TDI (29e);
STATE IDLE;
RUNTEST 30001E-6 SEC;
SIR 10 TDI (2bf);
SIR 10 TDI (2a1);
SDR 11 TDI (02e);
SIR 10 TDI (290);
SDR 326 TDI (3ff3e01e0403f0fc380fc5ffa008fa05ffa3e8fa0000001aff86000018003f00fbf0ff83ffffffffff);
SIR 10 TDI (29e);
STATE IDLE;
RUNTEST 30001E-6 SEC;
SIR 10 TDI (2bf);
SIR 10 TDI (2a1);
SDR 11 TDI (02f);
SIR 10 TDI (290);
SDR 326 TDI (3ff3e01e0403f0fc380fc56fa008fa05ffa3e8fa0000001affc6000018003f00fbf0ff83ffffffffff);
SIR 10 TDI (29e);
STATE IDLE;
RUNTEST 30001E-6 SEC;
SIR 10 TDI (2bf);
SIR 10 TDI (2a1);
SDR 11 TDI (030);
SIR 10 TDI (290);
SDR 326 TDI (3ff3e01e0403f0fc380fc5ffa008fa05ffa3e8fa0000001af7c6000018003e00bbb0ff83deffff17ff);
SIR 10 TDI (29e);
STATE IDLE;
RUNTEST 30001E-6 SEC;
SIR 10 TDI (2bf);
SIR 10 TDI (2a1);
SDR 11 TDI (031);
SIR 10 TDI (290);
SDR 326 TDI (3ff3e01e0403f0b8380fc5ffa008fa05ffa3e8fa0000001afa06000018003700585035822ffdefeebf);
SIR 10 TDI (29e);
STATE IDLE;
RUNTEST 30001E-6 SEC;
SIR 10 TDI (2bf);
SIR 10 TDI (2a1);
SDR 11 TDI (032);
SIR 10 TDI (290);
SDR 326 TDI (3ff1e01e0403f0fc380fc5ffa0085a05ffa0e8b20000001affc6000018003f00f9b023829eeb7adf3f);
SIR 10 TDI (29e);
STATE IDLE;
RUNTEST 30001E-6 SEC;
SIR 10 TDI (2bf);
SIR 10 TDI (2a1);
SDR 11 TDI (033);
SIR 10 TDI (290);
SDR 326 TDI (3ff3e0160403f0fc380fc5ffa008a205ffa3084a0000001affc6000018003700fa40df836fbfbfafff);
SIR 10 TDI (29e);
STATE IDLE;
RUNTEST 30001E-6 SEC;
SIR 10 TDI (2bf);
SIR 10 TDI (2a1);
SDR 11 TDI (034);
SIR 10 TDI (290);
SDR 326 TDI (2ff3c0120403f0e4180bc5ff8008ca05ffa048fa0000001afec6000018003f00f9d0ff82efffffffff);
SIR 10 TDI (29e);
STATE IDLE;
RUNTEST 30001E-6 SEC;
SIR 10 TDI (2bf);
SIR 10 TDI (2a1);
SDR 11 TDI (035);
SIR 10 TDI (290);
SDR 326 TDI (1510a01c0400a07c280c05ffa008fa05ffa3e8fa0000001affc6000018003f00fbf0ff83ffffffffff);
SIR 10 TDI (29e);
STATE IDLE;
RUNTEST 30001E-6 SEC;
SIR 10 TDI (2bf);
SIR 10 TDI (2a1);
SDR 11 TDI (036);
SIR 10 TDI (290);
SDR 326 TDI (27f3e01e0402f0fc380dc5ffa0083205ffa3e8fa0000001af6c4000018003f0039108f80cfffffefff);
SIR 10 TDI (29e);
STATE IDLE;
RUNTEST 30001E-6 SEC;
SIR 10 TDI (2bf);
SIR 10 TDI (2a1);
SDR 11 TDI (037);
SIR 10 TDI (290);
SDR 326 TDI (3ff3e01e0403f0fc380fc5ffa008fa05ffa3e8fa0000001affc6000018003f00faf07f833fffffffff);
SIR 10 TDI (29e);
STATE IDLE;
RUNTEST 30001E-6 SEC;
SIR 10 TDI (2bf);
SIR 10 TDI (2a1);
SDR 11 TDI (038);
SIR 10 TDI (290);
SDR 326 TDI (3ff3e01e0403f0fc380fc5ffa008fa05ffa3e8fa0000001a7fc6000018003f00fbf0ff83ffffffffff);
SIR 10 TDI (29e);
STATE IDLE;
RUNTEST 30001E-6 SEC;
SIR 10 TDI (2bf);
SIR 10 TDI (2a1);
SDR 11 TDI (039);
SIR 10 TDI (290);
SDR 326 TDI (3ff3e01e0403f0fc380fc5ffa008fa05ffa3e8fa0000001affc6000018003f00fbf0ff83ffffffffff);
SIR 10 TDI (29e);
STATE IDLE;
RUNTEST 30001E-6 SEC;
SIR 10 TDI (2bf);
SIR 10 TDI (2a1);
SDR 11 TDI (03a);
SIR 10 TDI (290);
SDR 326 TDI (3ff3601e0403f0fc380fc5ffa008fa05ffa3e8fa0000001affc6000018003f00fbf0ff83ffffffffff);
SIR 10 TDI (29e);
STATE IDLE;
RUNTEST 30001E-6 SEC;
SIR 10 TDI (2bf);
SIR 10 TDI (2a1);
SDR 11 TDI (03b);
SIR 10 TDI (290);
SDR 326 TDI (3f33a01e0401f07c380e05ffa008fa05ffa3e8fa0000001affc6000018003f00fbf0ff83fffd1fffff);
SIR 10 TDI (29e);
STATE IDLE;
RUNTEST 30001E-6 SEC;
SIR 10 TDI (2bf);
SIR 10 TDI (2a1);
SDR 11 TDI (03c);
SIR 10 TDI (290);
SDR 326 TDI (3ff3e01e0403f0fc380fc5ffa008a205ffa3084a0000001affc6000018003700fa50db836fd775ccff);
SIR 10 TDI (29e);
STATE IDLE;
RUNTEST 30001E-6 SEC;
SIR 10 TDI (2bf);
SIR 10 TDI (2a1);
SDR 11 TDI (03d);
SIR 10 TDI (290);
SDR 326 TDI (3ff3e01e0403f0fc380fc5ffa0085a05ffa0e8b20000001affc6000018003f00f9a027829ebfbfbfff);
SIR 10 TDI (29e);
STATE IDLE;
RUNTEST 30001E-6 SEC;
SIR 10 TDI (2bf);
SIR 10 TDI (2a1);
SDR 11 TDI (03e);
SIR 10 TDI (290);
SDR 326 TDI (3ff3e01e0403f0fc380fc5ffa008fa05ffa3e8fa0000000affc6000018003f00fbf0ff83ffffffffff);
SIR 10 TDI (29e);
STATE IDLE;
RUNTEST 30001E-6 SEC;
SIR 10 TDI (2bf);
SIR 10 TDI (2a1);
SDR 11 TDI (03f);
SIR 10 TDI (290);
SDR 326 TDI (3ff3e01e0403f0d8380fc5ffa008fa05ffa3e8fa0000001affc2000000003f00fbf0ff83ffffffffff);
SIR 10 TDI (29e);
STATE IDLE;
RUNTEST 30001E-6 SEC;
SIR 10 TDI (2bf);
SIR 10 TDI (2a1);
SDR 11 TDI (040);
SIR 10 TDI (290);
SDR 326 TDI (3ff3e01e0403f0fc380fc5ffa0083204ffa3a8da0000001affc6000018003f00fbf0ff83ffffffffff);
SIR 10 TDI (29e);
STATE IDLE;
RUNTEST 30001E-6 SEC;
SIR 10 TDI (2bf);
SIR 10 TDI (2a1);
SDR 11 TDI (041);
SIR 10 TDI (290);
SDR 326 TDI (3ff3e01e0403f0fc380fc5dfa008ca05afa048720000001affc6000018003f00fbf0ff83ffffffffff);
SIR 10 TDI (29e);
STATE IDLE;
RUNTEST 30001E-6 SEC;
SIR 10 TDI (2bf);
SIR 10 TDI (2a1);
SDR 11 TDI (042);
SIR 10 TDI (290);
SDR 326 TDI (3ff3e01e0403f0fc380fc5ffa008fa05ffa3e8fa0000001aff86000018003f00fbf0ff83ffffffffff);
SIR 10 TDI (29e);
STATE IDLE;
RUNTEST 30001E-6 SEC;
SIR 10 TDI (2bf);
SIR 10 TDI (2a1);
SDR 11 TDI (043);
SIR 10 TDI (290);
SDR 326 TDI (3ff3e01e0403f0fc380fc5ffa008fa05ffa3e8fa0000001affc6000018003f00fbf0ff83ffffffffff);
SIR 10 TDI (29e);
STATE IDLE;
RUNTEST 30001E-6 SEC;
SIR 10 TDI (2bf);
SIR 10 TDI (2a1);
SDR 11 TDI (044);
SIR 10 TDI (290);
SDR 326 TDI (3f73a00c0403f05c380f457fa0080a05bfa268220000001afac4000018003f00f0503f020dc3f0f43f);
SIR 10 TDI (29e);
STATE IDLE;
RUNTEST 30001E-6 SEC;
SIR 10 TDI (2bf);
SIR 10 TDI (2a1);
SDR 11 TDI (045);
SIR 10 TDI (290);
SDR 326 TDI (3d90e0120401a0e40803859fa008f2047fa3a8fa0000001aff460000180037005bb0c583feffffebff);
SIR 10 TDI (29e);
STATE IDLE;
RUNTEST 30001E-6 SEC;
SIR 10 TDI (2bf);
SIR 10 TDI (2a1);
SDR 11 TDI (046);
SIR 10 TDI (290);
SDR 326 TDI (3ff3e01e0403f0fc380fc5ffa008ca01fda048fa0000001afec6000018003f00fbf0ff83fbffffffff);
SIR 10 TDI (29e);
STATE IDLE;
RUNTEST 30001E-6 SEC;
SIR 10 TDI (2bf);
SIR 10 TDI (2a1);
SDR 11 TDI (047);
SIR 10 TDI (290);
SDR 326 TDI (3ff3e01e0403f0fc380fc58fa008fa05fba3e8fa0000001af7c4000018003f00fbf0ff83ffffffffff);
SIR 10 TDI (29e);
STATE IDLE;
RUNTEST 30001E-6 SEC;
SIR 10 TDI (2bf);
SIR 10 TDI (2a1);
SDR 11 TDI (048);
SIR 10 TDI (290);
SDR 326 TDI (0ee3e00e0003f0bc180fc4ffa008c2058fa048220000001affc6000018003f00fbf0ff83ffffffffff);
SIR 10 TDI (29e);
STATE IDLE;
RUNTEST 30001E-6 SEC;
SIR 10 TDI (2bf);
SIR 10 TDI (2a1);
SDR 11 TDI (049);
SIR 10 TDI (290);
SDR 326 TDI (37f3e01e0400a044280fc51fa0083a05ffa3a8fa0000001aff86000018003f00fbf0ff83ffffffffff);
SIR 10 TDI (29e);
STATE IDLE;
RUNTEST 30001E-6 SEC;
SIR 10 TDI (2bf);
SIR 10 TDI (2a1);
SDR 11 TDI (04a);
SIR 10 TDI (290);
SDR 326 TDI (3ff3e01e0403f0fc380fc5ff2008c805ffa048fa0000001afec6000018003f00f9d0ff82efffffffff);
SIR 10 TDI (29e);
STATE IDLE;
RUNTEST 30001E-6 SEC;
SIR 10 TDI (2bf);
SIR 10 TDI (2a1);
SDR 11 TDI (04b);
SIR 10 TDI (290);
SDR 326 TDI (3ff3e01e0403f0fc380fc5ffa008fa05fea3e8fa0000001affc6000018003f00fbf0ff83ffffffffff);
SIR 10 TDI (29e);
STATE IDLE;
RUNTEST 30001E-6 SEC;
SIR 10 TDI (2bf);
SIR 10 TDI (2a1);
SDR 11 TDI (04c);
SIR 10 TDI (290);
SDR 326 TDI (3ff3e01e0403f0fc380fc5fba000fa05ffa1c8fa0000001af806000018003f00fbf0ff83ffffffffff);
SIR 10 TDI (29e);
STATE IDLE;
RUNTEST 30001E-6 SEC;
SIR 10 TDI (2bf);
SIR 10 TDI (2a1);
SDR 11 TDI (04d);
SIR 10 TDI (290);
SDR 326 TDI (3ff3e01e0403f0fc380fc5f7a008ca05ffa268fa0000001affc6000018003f00fbf0ff83ffffffffff);
SIR 10 TDI (29e);
STATE IDLE;
RUNTEST 30001E-6 SEC;
SIR 10 TDI (2bf);
SIR 10 TDI (2a1);
SDR 11 TDI (04e);
SIR 10 TDI (290);
SDR 326 TDI (3ff3e01e0403f0fc380fc5ffa008fa05ff23e8fa0000001affc2000010003f00fbf0ff83ffffffffff);
SIR 10 TDI (29e);
STATE IDLE;
RUNTEST 30001E-6 SEC;
SIR 10 TDI (2bf);
SIR 10 TDI (2a1);
SDR 11 TDI (04f);
SIR 10 TDI (290);
SDR 326 TDI (3ff3e01e0403f0fc380fc5ffa008fa05f7a3e8fa0000001affc6000008003f00fbf0ff83ffffffffff);
SIR 10 TDI (29e);
STATE IDLE;
RUNTEST 30001E-6 SEC;
SIR 10 TDI (2bf);
SIR 10 TDI (2a1);
SDR 11 TDI (050);
SIR 10 TDI (290);
SDR 326 TDI (3ff3e01e0403f0fc380fc5f7a008fa05ffa3e8fa0000001afec6000018003f00f9d0ff82efffffffff);
SIR 10 TDI (29e);
STATE IDLE;
RUNTEST 30001E-6 SEC;
SIR 10 TDI (2bf);
SIR 10 TDI (2a1);
SDR 11 TDI (051);
SIR 10 TDI (290);
SDR 326 TDI (3ff3e01e0403f0fc380fc5fba008fa05ffa3e8fa0000001affc6000018003f00fbf0ff83ffffffffff);
SIR 10 TDI (29e);
STATE IDLE;
RUNTEST 30001E-6 SEC;
SIR 10 TDI (2bf);
SIR 10 TDI (2a1);
SDR 11 TDI (052);
SIR 10 TDI (290);
SDR 326 TDI (26c3e00e0402b0fc280cc5ffa00802054fa008720000001af6c6000018001f00fbf0ff83ffffffffff);
SIR 10 TDI (29e);
STATE IDLE;
RUNTEST 30001E-6 SEC;
SIR 10 TDI (2bf);
SIR 10 TDI (2a1);
SDR 11 TDI (053);
SIR 10 TDI (290);
SDR 326 TDI (3ff3e01e0403f0fc180345ffa008fa04ffa3e8fa0000001affc6000018003f00fbf0ff83ffffffffff);
SIR 10 TDI (29e);
STATE IDLE;
RUNTEST 30001E-6 SEC;
SIR 10 TDI (2bf);
SIR 10 TDI (2a1);
SDR 11 TDI (054);
SIR 10 TDI (290);
SDR 326 TDI (3ff3e01e0403f0fc380fc5ffa008fa05ffa3e8fa0000001aff86000018003b00fbf0ff83fdfeffffff);
SIR 10 TDI (29e);
STATE IDLE;
RUNTEST 30001E-6 SEC;
SIR 10 TDI (2bf);
SIR 10 TDI (2a1);
SDR 11 TDI (055);
SIR 10 TDI (290);
SDR 326 TDI (3e03e01e040220fc380805ffa0080a040fa1c88a0000001affc6000018003700b9c0f383feffef07ff);
SIR 10 TDI (29e);
STATE IDLE;
RUNTEST 30001E-6 SEC;
SIR 10 TDI (2bf);
SIR 10 TDI (2a1);
SDR 11 TDI (056);
SIR 10 TDI (290);
SDR 326 TDI (3ff3e01e0403f0fc380fc5ffa008ca05ff8048fa0000001aff86000018003a005a300d831fffcfefff);
SIR 10 TDI (29e);
STATE IDLE;
RUNTEST 30001E-6 SEC;
SIR 10 TDI (2bf);
SIR 10 TDI (2a1);
SDR 11 TDI (057);
SIR 10 TDI (290);
SDR 326 TDI (3ff3e01e0403f0fc380fc5ffa008fa05ffa3e8fa0000001affc6000018003700e9d0f683fec3f0f97f);
SIR 10 TDI (29e);
STATE IDLE;
RUNTEST 30001E-6 SEC;
SIR 10 TDI (2bf);
SIR 10 TDI (2a1);
SDR 11 TDI (058);
SIR 10 TDI (290);
SDR 326 TDI (3ff3e01e0403f0fc380fc59fa008f205ffa3e8720000001afec6000018003f00f9d0ff82efffffffff);
SIR 10 TDI (29e);
STATE IDLE;
RUNTEST 30001E-6 SEC;
SIR 10 TDI (2bf);
SIR 10 TDI (2a1);
SDR 11 TDI (059);
SIR 10 TDI (290);
SDR 326 TDI (3ff3e01e0403f0fc380fc5ffa0080a043fa1888a0000001affc6000018003f00fbf0ff83ffffffffff);
SIR 10 TDI (29e);
STATE IDLE;
RUNTEST 30001E-6 SEC;
SIR 10 TDI (2bf);
SIR 10 TDI (2a1);
SDR 11 TDI (05a);
SIR 10 TDI (290);
SDR 326 TDI (3ff3e01e0403f0fc380fc1ffa008fa05ffa3e8fa0000001aff86000018003f00b9d0ff82cfffffffff);
SIR 10 TDI (29e);
STATE IDLE;
RUNTEST 30001E-6 SEC;
SIR 10 TDI (2bf);
SIR 10 TDI (2a1);
SDR 11 TDI (05b);
SIR 10 TDI (290);
SDR 326 TDI (3ff0c0100403f0fc380fc5ffa008fa05ffa3e8fa0000001affc6000018003f00fbf0ff83ffffffffff);
SIR 10 TDI (29e);
STATE IDLE;
RUNTEST 30001E-6 SEC;
SIR 10 TDI (2bf);
SIR 10 TDI (2a1);
SDR 11 TDI (05c);
SIR 10 TDI (290);
SDR 326 TDI (27f3e01e0402e0fc380dc5ffa008ca05ffa048f80000001aff86000018003f00fbf0ff83f7ffffffff);
SIR 10 TDI (29e);
STATE IDLE;
RUNTEST 30001E-6 SEC;
SIR 10 TDI (2bf);
SIR 10 TDI (2a1);
SDR 11 TDI (05d);
SIR 10 TDI (290);
SDR 326 TDI (1e3020020403f074180a05ffa008fa05ffa3e8fa0000001aefc6000018003f00fbf0ff83ffffffffff);
SIR 10 TDI (29e);
STATE IDLE;
RUNTEST 30001E-6 SEC;
SIR 10 TDI (2bf);
SIR 10 TDI (2a1);
SDR 11 TDI (05e);
SIR 10 TDI (290);
SDR 326 TDI (3ff3e01e0003f0fc380fc5ffa008fa05ffa3e8fa0000001affc2000010003f00fbf0cf83ffffffffff);
SIR 10 TDI (29e);
STATE IDLE;
RUNTEST 30001E-6 SEC;
SIR 10 TDI (2bf);
SIR 10 TDI (2a1);
SDR 11 TDI (05f);
SIR 10 TDI (290);
SDR 326 TDI (3ff3e01e0403f0fc380fc5ffa008fa05ffa3e8fa0000001affc6000018003f007bf0ff83ffffffefff);
SIR 10 TDI (29e);
STATE IDLE;
RUNTEST 30001E-6 SEC;
SIR 10 TDI (2bf);
SIR 10 TDI (2a1);
SDR 11 TDI (060);
SIR 10 TDI (290);
SDR 326 TDI (3ff3e01e0403f0fc380fc5ffa008fa05fea3e8fa0000001abfc6000018003f00fbf0ff83ff7fffffff);
SIR 10 TDI (29e);
STATE IDLE;
RUNTEST 30001E-6 SEC;
SIR 10 TDI (2bf);
SIR 10 TDI (2a1);
SDR 11 TDI (061);
SIR 10 TDI (290);
SDR 326 TDI (3ff3e01e0403f0fc380fc5ff2008fa05ffa3e8fa0000001affc6000018003f00fbf0ff83ffffffffff);
SIR 10 TDI (29e);
STATE IDLE;
RUNTEST 30001E-6 SEC;
SIR 10 TDI (2bf);
SIR 10 TDI (2a1);
SDR 11 TDI (062);
SIR 10 TDI (290);
SDR 326 TDI (3ff3e01e0403f0fc380fc5ffa008fa05fba3e8fa0000001affc6000018003f00fbf0ff83ffffffffff);
SIR 10 TDI (29e);
STATE IDLE;
RUNTEST 30001E-6 SEC;
SIR 10 TDI (2bf);
SIR 10 TDI (2a1);
SDR 11 TDI (063);
SIR 10 TDI (290);
SDR 326 TDI (3ff3e01e0403f0fc380fc5ffa008fa05fda3e8fa0000000affc6000018003f00fbf0ff83ffffffffff);
SIR 10 TDI (29e);
STATE IDLE;
RUNTEST 30001E-6 SEC;
SIR 10 TDI (2bf);
SIR 10 TDI (2a1);
SDR 11 TDI (064);
SIR 10 TDI (290);
SDR 326 TDI (3ff3e01e0403f0fc380fc5ffa008fa05ffa3e8fa0000001affc6000018003f00fbf0ff83ffffffffff);
SIR 10 TDI (29e);
STATE IDLE;
RUNTEST 30001E-6 SEC;
SIR 10 TDI (2bf);
SIR 10 TDI (2a1);
SDR 11 TDI (065);
SIR 10 TDI (290);
SDR 326 TDI (3ff3e01e0403f0fc380fc5ffa008fa05ffa3e8fa0000001affc6000018003f00fbf0ff83ffffffffff);
SIR 10 TDI (29e);
STATE IDLE;
RUNTEST 30001E-6 SEC;
SIR 10 TDI (2bf);
SIR 10 TDI (2a1);
SDR 11 TDI (066);
SIR 10 TDI (290);
SDR 326 TDI (3ff3e01e0403f0fc380fc5ffa008fa05ffa3e8fa0000001affc6000018003f00fbf0ff83ffffffffff);
SIR 10 TDI (29e);
STATE IDLE;
RUNTEST 30001E-6 SEC;
SIR 10 TDI (2bf);
SIR 10 TDI (2a1);
SDR 11 TDI (067);
SIR 10 TDI (290);
SDR 326 TDI (3ff3e01e0403f0fc380fc5ffa008fa05ffa3e8fa0000001affc6000018003f00fbf0ff83ffffffffff);
SIR 10 TDI (29e);
STATE IDLE;
RUNTEST 30001E-6 SEC;
SIR 10 TDI (2bf);
SIR 10 TDI (2a1);
SDR 11 TDI (068);
SIR 10 TDI (290);
SDR 326 TDI (3ff3e01e0403f0fc380fc5ffa008fa05ffa3e8fa0000001affc6000018003f00fbf0ff83ffffffffff);
SIR 10 TDI (29e);
STATE IDLE;
RUNTEST 30001E-6 SEC;
SIR 10 TDI (2bf);
SIR 10 TDI (2a1);
SDR 11 TDI (069);
SIR 10 TDI (290);
SDR 326 TDI (3ff3e01e0403f0fc380fc5ffa008fa05ffa3e8fa0000001affc6000018003f00fbf0fc03ffffffffff);
SIR 10 TDI (29e);
STATE IDLE;
RUNTEST 30001E-6 SEC;
SIR 10 TDI (2bf);
SIR 10 TDI (2a1);
SDR 11 TDI (06a);
SIR 10 TDI (290);
SDR 326 TDI (3ff3e01e0403f0fc380fc5ffa008fa05ffa3e8fa0000001affc6000018003f00fbf0ff83ffffffffff);
SIR 10 TDI (29e);
STATE IDLE;
RUNTEST 30001E-6 SEC;
SIR 10 TDI (2bf);
SIR 10 TDI (2a1);
SDR 11 TDI (06b);
SIR 10 TDI (290);
SDR 326 TDI (3ff3e01e0403f0fc380fc5ffa008fa05ffa3e8fa0000001affc6000018003f00fbf0ff83ffffffffff);
SIR 10 TDI (29e);
STATE IDLE;
RUNTEST 30001E-6 SEC;
SIR 10 TDI (2bf);
STATE IDLE;
SIR 10 TDI (2a1);
SDR 11 TDI (080);
SIR 10 TDI (290);
SDR 326 TDI (0601fc1d002e0bf43dfc3ffffc1f0fd780fff8fffdfffffff83e0ffc1ffffe0f7c1f1fffc07cff3fbf);
SIR 10 TDI (29e);
STATE IDLE;
RUNTEST 30001E-6 SEC;
SIR 10 TDI (2bf);
SIR 10 TDI (2a1);
SDR 11 TDI (081);
SIR 10 TDI (290);
SDR 326 TDI (0601fc1f003e0ffc3ffc3ffffc1f0fd780fff8fffdfffffff83e0ffc1ffffe0f7c1f1fffc07cff3fbf);
SIR 10 TDI (29e);
STATE IDLE;
RUNTEST 30001E-6 SEC;
SIR 10 TDI (2bf);
SIR 10 TDI (2a1);
SDR 11 TDI (082);
SIR 10 TDI (290);
SDR 326 TDI (0601fc1f003e0ffc3ffc3fdbfc1f0fd780f7f8fffdfffffff83e0ffc1ffffe0ffc1f1fffc07cff3fbf);
SIR 10 TDI (29e);
STATE IDLE;
RUNTEST 30001E-6 SEC;
SIR 10 TDI (2bf);
SIR 10 TDI (2a1);
SDR 11 TDI (083);
SIR 10 TDI (290);
SDR 326 TDI (0601fc1d002e0bf43dfc3ffffc1f0fd780fff8fffdfffffff83e0ffc1ffffe0f7c1f1fffc07cff3fbf);
SIR 10 TDI (29e);
STATE IDLE;
RUNTEST 30001E-6 SEC;
SIR 10 TDI (2bf);
SIR 10 TDI (2a1);
SDR 11 TDI (084);
SIR 10 TDI (290);
SDR 326 TDI (0601fc1f003e0ffc3ffc3ffff41d0f4780fff8fffdfffffff83e0ffc1ffffe0ffc1f1fffc07cff3fbf);
SIR 10 TDI (29e);
STATE IDLE;
RUNTEST 30001E-6 SEC;
SIR 10 TDI (2bf);
SIR 10 TDI (2a1);
SDR 11 TDI (085);
SIR 10 TDI (290);
SDR 326 TDI (0601fc1f003e0ffc3ffc3fdbfc1f0fd780f7f8fffdfffffff83e0ffc1ffffe0ffc1f1fffc07cff3fbf);
SIR 10 TDI (29e);
STATE IDLE;
RUNTEST 30001E-6 SEC;
SIR 10 TDI (2bf);
SIR 10 TDI (2a1);
SDR 11 TDI (086);
SIR 10 TDI (290);
SDR 326 TDI (0601fc1f003e0ffc3ffc3ffff81e0fd780fff8fffdfffffff83e0ffc1ffffe0f7c1f1fffc07cff3fbf);
SIR 10 TDI (29e);
STATE IDLE;
RUNTEST 30001E-6 SEC;
SIR 10 TDI (2bf);
SIR 10 TDI (2a1);
SDR 11 TDI (087);
SIR 10 TDI (290);
SDR 326 TDI (0601fc1f003e0ffc3ffc3fffcc130fd780fff8fffdfffffff83e0ffc1ffffe0ffc1f1fffc07cff3fbf);
SIR 10 TDI (29e);
STATE IDLE;
RUNTEST 30001E-6 SEC;
SIR 10 TDI (2bf);
SIR 10 TDI (2a1);
SDR 11 TDI (088);
SIR 10 TDI (290);
SDR 326 TDI (0601fc1f003e0ffc3ffc3ffffc1f0fd780fff8fffdfffffff83e0ffc1ffffe0ffc1f1fffc07cff3fbf);
SIR 10 TDI (29e);
STATE IDLE;
RUNTEST 30001E-6 SEC;
SIR 10 TDI (2bf);
SIR 10 TDI (2a1);
SDR 11 TDI (089);
SIR 10 TDI (290);
SDR 326 TDI (0601fc1f003e0ffc3ffc3ffff41d0f4780fff8fffdfffffff83e0ffc1ffffe0f7c1f1fffc07cff3fbf);
SIR 10 TDI (29e);
STATE IDLE;
RUNTEST 30001E-6 SEC;
SIR 10 TDI (2bf);
SIR 10 TDI (2a1);
SDR 11 TDI (08a);
SIR 10 TDI (290);
SDR 326 TDI (0601fc1f003e0ffc3ffc3ffffc1f0fd780fff8fffdfffffff83e0ffc1ffffe0ffc1f1fffc07cff3fbf);
SIR 10 TDI (29e);
STATE IDLE;
RUNTEST 30001E-6 SEC;
SIR 10 TDI (2bf);
SIR 10 TDI (2a1);
SDR 11 TDI (08b);
SIR 10 TDI (290);
SDR 326 TDI (0601fc1f003e0ffc3ffc3ffffc1f0fd780fff8fffdfffffff83e0ffc1ffffe0ffc1f1fffc07cff3fbf);
SIR 10 TDI (29e);
STATE IDLE;
RUNTEST 30001E-6 SEC;
SIR 10 TDI (2bf);
SIR 10 TDI (2a1);
SDR 11 TDI (08c);
SIR 10 TDI (290);
SDR 326 TDI (0601fc1f003e0ffc3ffc3ff7fc1f0fd780fff8fffdfffffff83e0ffc1ffffe0ffc1f1fffc07cff3fbf);
SIR 10 TDI (29e);
STATE IDLE;
RUNTEST 30001E-6 SEC;
SIR 10 TDI (2bf);
SIR 10 TDI (2a1);
SDR 11 TDI (08d);
SIR 10 TDI (290);
SDR 326 TDI (0601fc1f00320ffc33fc3ffdfc1f0fd780fff8fffdfffffff83e0ffc1ffffe0fbc1f1fffc07cff3fbf);
SIR 10 TDI (29e);
STATE IDLE;
RUNTEST 30001E-6 SEC;
SIR 10 TDI (2bf);
SIR 10 TDI (2a1);
SDR 11 TDI (08e);
SIR 10 TDI (290);
SDR 326 TDI (0601fc1f003e0ffc3ffc3ffffc1f0fd780fff8fffdfffffff83e0ffc1ffffe0ffc1f1fffc07cff3fbf);
SIR 10 TDI (29e);
STATE IDLE;
RUNTEST 30001E-6 SEC;
SIR 10 TDI (2bf);
SIR 10 TDI (2a1);
SDR 11 TDI (08f);
SIR 10 TDI (290);
SDR 326 TDI (0601fc1f001e0ffc3efc3ffffc1f0fd780fff8fffdfffffff83e0ffc1ffffe0ffc1f1fffc07cff3fbf);
SIR 10 TDI (29e);
STATE IDLE;
RUNTEST 30001E-6 SEC;
SIR 10 TDI (2bf);
SIR 10 TDI (2a1);
SDR 11 TDI (090);
SIR 10 TDI (290);
SDR 326 TDI (0601fc1f003e0ffc3ffc3ffffc1f0fd780fff8ff7cffffdff03e0ffc1ffbfc0ffc1f1fffc07cff3fbf);
SIR 10 TDI (29e);
STATE IDLE;
RUNTEST 30001E-6 SEC;
SIR 10 TDI (2bf);
SIR 10 TDI (2a1);
SDR 11 TDI (091);
SIR 10 TDI (290);
SDR 326 TDI (0601fc1f003e0fbc3ffc3ffffc1f0fd780fff8fffd1ffe3f883e0ffc1ffc7e0ffc1f1fffc07cff3fbf);
SIR 10 TDI (29e);
STATE IDLE;
RUNTEST 30001E-6 SEC;
SIR 10 TDI (2bf);
SIR 10 TDI (2a1);
SDR 11 TDI (092);
SIR 10 TDI (290);
SDR 326 TDI (0601fc1f003e0ffc3ffc3ffcfc1f0fd780fff8fffdfffffff83e0ffc1fdffe0ffc1f1fffc07cff3fbf);
SIR 10 TDI (29e);
STATE IDLE;
RUNTEST 30001E-6 SEC;
SIR 10 TDI (2bf);
SIR 10 TDI (2a1);
SDR 11 TDI (093);
SIR 10 TDI (290);
SDR 326 TDI (0601fc1f003e0ffc3ffc3ffffc1f0fd780fff8effdfffffff83e0ffc1feffe0ffc1f1fffc07cff3fbf);
SIR 10 TDI (29e);
STATE IDLE;
RUNTEST 30001E-6 SEC;
SIR 10 TDI (2bf);
SIR 10 TDI (2a1);
SDR 11 TDI (094);
SIR 10 TDI (290);
SDR 326 TDI (0601fc1f003e0ffc3ff83ffffc1f0fd780fff8fff1fffffff83e0ffc1ffffe0afc1f1ffec07cff37bf);
SIR 10 TDI (29e);
STATE IDLE;
RUNTEST 30001E-6 SEC;
SIR 10 TDI (2bf);
SIR 10 TDI (2a1);
SDR 11 TDI (095);
SIR 10 TDI (290);
SDR 326 TDI (0200dc1f003e0ffc1ffc3ffffc1f0fd780fdb8fffdfffffff83e0ffc1ffffe05fc1f17ffc07cdf3fbf);
SIR 10 TDI (29e);
STATE IDLE;
RUNTEST 30001E-6 SEC;
SIR 10 TDI (2bf);
SIR 10 TDI (2a1);
SDR 11 TDI (096);
SIR 10 TDI (290);
SDR 326 TDI (0601fc1f003e0ffc3ffc3ffffc1f0fd780fff8fffdfffffff8100ffc1ffffe0ffc131cf3c04c933fbf);
SIR 10 TDI (29e);
STATE IDLE;
RUNTEST 30001E-6 SEC;
SIR 10 TDI (2bf);
SIR 10 TDI (2a1);
SDR 11 TDI (097);
SIR 10 TDI (290);
SDR 326 TDI (0601fc1f003e0ffc3ffc3ffffc1f0fd780fff8fffdfffffff83e0ffc1ffffe0fe81f17ffc07cff33bf);
SIR 10 TDI (29e);
STATE IDLE;
RUNTEST 30001E-6 SEC;
SIR 10 TDI (2bf);
SIR 10 TDI (2a1);
SDR 11 TDI (098);
SIR 10 TDI (290);
SDR 326 TDI (0601fc1f003e0ffc3ffc3fffbc1f0fd780eff8fffdfffffff83e0ffc1ffffe0ffc1f1fffc07cff3fbf);
SIR 10 TDI (29e);
STATE IDLE;
RUNTEST 30001E-6 SEC;
SIR 10 TDI (2bf);
SIR 10 TDI (2a1);
SDR 11 TDI (099);
SIR 10 TDI (290);
SDR 326 TDI (0601fc1f003e0ffc3ffc3fbffc1f0fd780fff8fffdffffff703e0fa81ffffe0ffc1f1fffc07cff3fbf);
SIR 10 TDI (29e);
STATE IDLE;
RUNTEST 30001E-6 SEC;
SIR 10 TDI (2bf);
SIR 10 TDI (2a1);
SDR 11 TDI (09a);
SIR 10 TDI (290);
SDR 326 TDI (0601fc1f003e0ffc3ffc3ffffc1f0fd780fff8fffdfffffff83e0ffc1ffffe0ffc1f1fffc07cff3fbf);
SIR 10 TDI (29e);
STATE IDLE;
RUNTEST 30001E-6 SEC;
SIR 10 TDI (2bf);
SIR 10 TDI (2a1);
SDR 11 TDI (09b);
SIR 10 TDI (290);
SDR 326 TDI (0601fc1f003e0ffc3ffc3ffffc1f0fd780fff8ffc1fffffff83e0ffc1ffffe0ffc1f1fffc07cff3fbf);
SIR 10 TDI (29e);
STATE IDLE;
RUNTEST 30001E-6 SEC;
SIR 10 TDI (2bf);
SIR 10 TDI (2a1);
SDR 11 TDI (09c);
SIR 10 TDI (290);
SDR 326 TDI (0601fc1f00360ffc3ffc3ffffc1f0fd780fff8f8bdffffe2f83e0ffc1ffffe0ffc1f1fffc07cff3dbf);
SIR 10 TDI (29e);
STATE IDLE;
RUNTEST 30001E-6 SEC;
SIR 10 TDI (2bf);
SIR 10 TDI (2a1);
SDR 11 TDI (09d);
SIR 10 TDI (290);
SDR 326 TDI (0601fc1f003e0ffc3ffc3ffffc1f0fd780fff8fffdfffffff83e0ffc1ffffe0ffc1f1fffc07c7f3fbf);
SIR 10 TDI (29e);
STATE IDLE;
RUNTEST 30001E-6 SEC;
SIR 10 TDI (2bf);
SIR 10 TDI (2a1);
SDR 11 TDI (09e);
SIR 10 TDI (290);
SDR 326 TDI (0601ec17003e0edc3ffc1dfffc1f0dd380fff89ebdf5ebfaf81605e81afffe0ffc1f1fffc07cff3fbf);
SIR 10 TDI (29e);
STATE IDLE;
RUNTEST 30001E-6 SEC;
SIR 10 TDI (2bf);
SIR 10 TDI (2a1);
SDR 11 TDI (09f);
SIR 10 TDI (290);
SDR 326 TDI (0401f81f003c0ffc2fcc3ffffc0f0fd680ff38ffe93fff3fc83e0ffc1ffcfe0ffc1f1fffc07cff3fbf);
SIR 10 TDI (29e);
STATE IDLE;
RUNTEST 30001E-6 SEC;
SIR 10 TDI (2bf);
SIR 10 TDI (2a1);
SDR 11 TDI (0a0);
SIR 10 TDI (290);
SDR 326 TDI (0601fc1f003e0ffc3ffc3ffffc1f0fd780fff8fffdfffffff83e047c1ffffe0ffc131cf2c04c933fbf);
SIR 10 TDI (29e);
STATE IDLE;
RUNTEST 30001E-6 SEC;
SIR 10 TDI (2bf);
SIR 10 TDI (2a1);
SDR 11 TDI (0a1);
SIR 10 TDI (290);
SDR 326 TDI (0601fc1f003e0ffc3ffc3ffffc1f0fd780fff8fffdfffffff83e0ffc1ffff60ff81f1fffc07cff3fbf);
SIR 10 TDI (29e);
STATE IDLE;
RUNTEST 30001E-6 SEC;
SIR 10 TDI (2bf);
SIR 10 TDI (2a1);
SDR 11 TDI (0a2);
SIR 10 TDI (290);
SDR 326 TDI (0601fc1f003e0ffc3ffc3ffffc1f0fd780fff8fffdfffffff83e0ffc1ffffe0ffc1f1fffc07cff3fbf);
SIR 10 TDI (29e);
STATE IDLE;
RUNTEST 30001E-6 SEC;
SIR 10 TDI (2bf);
SIR 10 TDI (2a1);
SDR 11 TDI (0a3);
SIR 10 TDI (290);
SDR 326 TDI (0601fc1f003e0ffc3f1c3ffffc1f0fd780fff8fffdffffff683e0ffc1ffffe0ffc1f1fffc07cff3fbf);
SIR 10 TDI (29e);
STATE IDLE;
RUNTEST 30001E-6 SEC;
SIR 10 TDI (2bf);
SIR 10 TDI (2a1);
SDR 11 TDI (0a4);
SIR 10 TDI (290);
SDR 326 TDI (0601fc1f003e0ffc3ffc3ffffc1f0fd780fff8fffdf7fbfef81e07f81efffe05fc1f0fffc07cff39bf);
SIR 10 TDI (29e);
STATE IDLE;
RUNTEST 30001E-6 SEC;
SIR 10 TDI (2bf);
SIR 10 TDI (2a1);
SDR 11 TDI (0a5);
SIR 10 TDI (290);
SDR 326 TDI (0601fc1f003e0ffc3ffc3ffffc1f0bd780fff8fa95dffeffb83e0ffc1fff7e0bfc1f1ffec07cdf37bf);
SIR 10 TDI (29e);
STATE IDLE;
RUNTEST 30001E-6 SEC;
SIR 10 TDI (2bf);
SIR 10 TDI (2a1);
SDR 11 TDI (0a6);
SIR 10 TDI (290);
SDR 326 TDI (0601fc1f003e0ffc3ff83efffc1f0fd780bff8f7fdf47ffff83e0ffc1ffffe0ffc1f1fff807cff1fbf);
SIR 10 TDI (29e);
STATE IDLE;
RUNTEST 30001E-6 SEC;
SIR 10 TDI (2bf);
SIR 10 TDI (2a1);
SDR 11 TDI (0a7);
SIR 10 TDI (290);
SDR 326 TDI (0200dc1f003e0ffc1ffc2ffefc1f07d780dff89ffdfffffff83e0ffc1ffffe0ffc1f1fffc07cff2fbf);
SIR 10 TDI (29e);
STATE IDLE;
RUNTEST 30001E-6 SEC;
SIR 10 TDI (2bf);
SIR 10 TDI (2a1);
SDR 11 TDI (0a8);
SIR 10 TDI (290);
SDR 326 TDI (06017816001e06d83e9c3ffffc1f0fd700ffe8fffdfffffff83e0ffc1ffffe0ffc1f1fffc07caa3fbf);
SIR 10 TDI (29e);
STATE IDLE;
RUNTEST 30001E-6 SEC;
SIR 10 TDI (2bf);
SIR 10 TDI (2a1);
SDR 11 TDI (0a9);
SIR 10 TDI (290);
SDR 326 TDI (0601e41f003e0ffc3ffc3e277c1f0fd7804bf8fffdfffddff83e0ffc0afffe0ffc1f1fffc07cf73fbf);
SIR 10 TDI (29e);
STATE IDLE;
RUNTEST 30001E-6 SEC;
SIR 10 TDI (2bf);
SIR 10 TDI (2a1);
SDR 11 TDI (0aa);
SIR 10 TDI (290);
SDR 326 TDI (0601fc1f003e0ffc3ffc1ffffc1f0fd780fff8dffdfffffff83e0ffc1ffffe0ffc131cf3c04cb33fbf);
SIR 10 TDI (29e);
STATE IDLE;
RUNTEST 30001E-6 SEC;
SIR 10 TDI (2bf);
SIR 10 TDI (2a1);
SDR 11 TDI (0ab);
SIR 10 TDI (290);
SDR 326 TDI (0601fc1b003e0ffc3ffc3dfffc1f0fd780fff8bffdfffffff83e0ffc1ff7f60fec1f1fffc07cff3fbf);
SIR 10 TDI (29e);
STATE IDLE;
RUNTEST 30001E-6 SEC;
SIR 10 TDI (2bf);
SIR 10 TDI (2a1);
SDR 11 TDI (0ac);
SIR 10 TDI (290);
SDR 326 TDI (0601fc1f003e0ffc3ffc3fb7fc170fd780eff8fffdfffffff83e0ffc1fffee0ff41d1f6fc074fd3f3f);
SIR 10 TDI (29e);
STATE IDLE;
RUNTEST 30001E-6 SEC;
SIR 10 TDI (2bf);
SIR 10 TDI (2a1);
SDR 11 TDI (0ad);
SIR 10 TDI (290);
SDR 326 TDI (0601fc1f003e0ffc3ffc3eef7c1f0fd780dff8fffdfffffff8140ffc1ffffe0ffc1f1fffc07cff3fbf);
SIR 10 TDI (29e);
STATE IDLE;
RUNTEST 30001E-6 SEC;
SIR 10 TDI (2bf);
SIR 10 TDI (2a1);
SDR 11 TDI (0ae);
SIR 10 TDI (290);
SDR 326 TDI (0601fc1f003e0ffc3ffc3fffcc1f089780fff8fffdfffffff83e0ffc1ffffe0ffc1f1fffc07cff3fbf);
SIR 10 TDI (29e);
STATE IDLE;
RUNTEST 30001E-6 SEC;
SIR 10 TDI (2bf);
SIR 10 TDI (2a1);
SDR 11 TDI (0af);
SIR 10 TDI (290);
SDR 326 TDI (0601fc1f003e0ffc3ffc3ffffc1f0fd780fff8fffdfffdbff83e0ffc1ffffe0ffc1f1fffc07cff3fbf);
SIR 10 TDI (29e);
STATE IDLE;
RUNTEST 30001E-6 SEC;
SIR 10 TDI (2bf);
SIR 10 TDI (2a1);
SDR 11 TDI (0b0);
SIR 10 TDI (290);
SDR 326 TDI (0601fc1f003e0ffc3ffc37effc1f0fd780bff8fffdfffffff83e0ffc1ffffe0ffc1f1fff407cff1fbf);
SIR 10 TDI (29e);
STATE IDLE;
RUNTEST 30001E-6 SEC;
SIR 10 TDI (2bf);
SIR 10 TDI (2a1);
SDR 11 TDI (0b1);
SIR 10 TDI (290);
SDR 326 TDI (0601fc1f003e0f7c3ffc1dfefc1f07d780dff87ffd6ffffff83e0ffc1ffffe0ffc1f1fffc07cff2fbf);
SIR 10 TDI (29e);
STATE IDLE;
RUNTEST 30001E-6 SEC;
SIR 10 TDI (2bf);
SIR 10 TDI (2a1);
SDR 11 TDI (0b2);
SIR 10 TDI (290);
SDR 326 TDI (0601fc1f003e0ffc3ffc3ffffc1b0fd780fff8fffdfffffff83e0ffc1ffffe0ffc1f1fffc07cff3fbf);
SIR 10 TDI (29e);
STATE IDLE;
RUNTEST 30001E-6 SEC;
SIR 10 TDI (2bf);
SIR 10 TDI (2a1);
SDR 11 TDI (0b3);
SIR 10 TDI (290);
SDR 326 TDI (0601fc1f003e0ffc3ffc3ffffc1f0fd780fff8fffce57ffff83e0ffc1ffffe0ffc1f1fffc07cff3fbf);
SIR 10 TDI (29e);
STATE IDLE;
RUNTEST 30001E-6 SEC;
SIR 10 TDI (2bf);
SIR 10 TDI (2a1);
SDR 11 TDI (0b4);
SIR 10 TDI (290);
SDR 326 TDI (0601fc1f003e0ffc3ffc3ffffc0f0f9180fff8ffbdfbf7fdf82e0bf41dfffe0ffc1f1fffc07cff3fbf);
SIR 10 TDI (29e);
STATE IDLE;
RUNTEST 30001E-6 SEC;
SIR 10 TDI (2bf);
SIR 10 TDI (2a1);
SDR 11 TDI (0b5);
SIR 10 TDI (290);
SDR 326 TDI (0601fc1f003e0ffc3ffc1dfffc1f0fd680fef89ffdfffffff83e0ffc1ffffe0ffc1f1fffc07cff3fbf);
SIR 10 TDI (29e);
STATE IDLE;
RUNTEST 30001E-6 SEC;
SIR 10 TDI (2bf);
SIR 10 TDI (2a1);
SDR 11 TDI (0b6);
SIR 10 TDI (290);
SDR 326 TDI (0601fc1f003e0ffc3ffc3fffec1f0fd780fff8fffdfffffff83e0ffc1ffffe0ffc171dfbc05cf73ebf);
SIR 10 TDI (29e);
STATE IDLE;
RUNTEST 30001E-6 SEC;
SIR 10 TDI (2bf);
SIR 10 TDI (2a1);
SDR 11 TDI (0b7);
SIR 10 TDI (290);
SDR 326 TDI (0601fc1f003e0ffc3ffc3ffffc1f0fd780fdd8fffdffffff183e0ffc1ffffe0ffc1e1f9fc078fe3fbf);
SIR 10 TDI (29e);
STATE IDLE;
RUNTEST 30001E-6 SEC;
SIR 10 TDI (2bf);
SIR 10 TDI (2a1);
SDR 11 TDI (0b8);
SIR 10 TDI (290);
SDR 326 TDI (0601e417001e0edc3eec1ffff81e0dd780ffb8dec19ffe7f983e0ffc1ffe7e0efc1f1fffc07cdf3bbf);
SIR 10 TDI (29e);
STATE IDLE;
RUNTEST 30001E-6 SEC;
SIR 10 TDI (2bf);
SIR 10 TDI (2a1);
SDR 11 TDI (0b9);
SIR 10 TDI (290);
SDR 326 TDI (0601b81f003e0ffc3f9c3dfffc1f0fd380fe78bbfdff3feff83c0f3c0ffffe07fc1f17fec07cff3fbf);
SIR 10 TDI (29e);
STATE IDLE;
RUNTEST 30001E-6 SEC;
SIR 10 TDI (2bf);
SIR 10 TDI (2a1);
SDR 11 TDI (0ba);
SIR 10 TDI (290);
SDR 326 TDI (0601fc1f003e0ffc3ffc3ffffc1f0fd780fff8fffdfffffff83e0ffc1ffffe0ffc1f1fffc07cff3fbf);
SIR 10 TDI (29e);
STATE IDLE;
RUNTEST 30001E-6 SEC;
SIR 10 TDI (2bf);
SIR 10 TDI (2a1);
SDR 11 TDI (0bb);
SIR 10 TDI (290);
SDR 326 TDI (0601fc1f003e0ffc3ffc3ffffc1f0fd780fff8fffdfffffff83e0ffc1ffffe0ffc1f1fffc07cff3fbf);
SIR 10 TDI (29e);
STATE IDLE;
RUNTEST 30001E-6 SEC;
SIR 10 TDI (2bf);
SIR 10 TDI (2a1);
SDR 11 TDI (0bc);
SIR 10 TDI (290);
SDR 326 TDI (0601fc0f00360f3c3bf41dffec1b0bd780ffd89ffdff8bfff83e0ffc1fffde0ffc1f1fffc07cff3fbf);
SIR 10 TDI (29e);
STATE IDLE;
RUNTEST 30001E-6 SEC;
SIR 10 TDI (2bf);
SIR 10 TDI (2a1);
SDR 11 TDI (0bd);
SIR 10 TDI (290);
SDR 326 TDI (0601fc1b003a0dec378c3fffdc170ed780fe38fffdfffffff83e0ffc1ffffe0ffc1f1fffc07cff3fbf);
SIR 10 TDI (29e);
STATE IDLE;
RUNTEST 30001E-6 SEC;
SIR 10 TDI (2bf);
SIR 10 TDI (2a1);
SDR 11 TDI (0be);
SIR 10 TDI (290);
SDR 326 TDI (0601fc1f003a0ffc3ffc3ffffc1f0fd780fbf8fffdfffffff83e0ffc02fffe0ffc1f1ab3c04cb33fbf);
SIR 10 TDI (29e);
STATE IDLE;
RUNTEST 30001E-6 SEC;
SIR 10 TDI (2bf);
SIR 10 TDI (2a1);
SDR 11 TDI (0bf);
SIR 10 TDI (290);
SDR 326 TDI (0601fc1f003e0ffc3ffc3e277c1f0fd780fff8fffdfffffff83e0ffc1ffffe0ffc1f1dffc07cff3fbf);
SIR 10 TDI (29e);
STATE IDLE;
RUNTEST 30001E-6 SEC;
SIR 10 TDI (2bf);
SIR 10 TDI (2a1);
SDR 11 TDI (0c0);
SIR 10 TDI (290);
SDR 326 TDI (0601fc1f003e0ffc37fc3ffffc1f0fd780fff8fffd7defbbe8360dec1bfdfe0ffc1f1fffc07cff3fbf);
SIR 10 TDI (29e);
STATE IDLE;
RUNTEST 30001E-6 SEC;
SIR 10 TDI (2bf);
SIR 10 TDI (2a1);
SDR 11 TDI (0c1);
SIR 10 TDI (290);
SDR 326 TDI (0601fc1f003e0ffc3ffc3ffffc1f0fd780fc78ffc19f3e6f983c0f3c0ffe7e0ffc1f1fffc07cff3fbf);
SIR 10 TDI (29e);
STATE IDLE;
RUNTEST 30001E-6 SEC;
SIR 10 TDI (2bf);
SIR 10 TDI (2a1);
SDR 11 TDI (0c2);
SIR 10 TDI (290);
SDR 326 TDI (0601fc1f003e0ffc3bfc3ffffc1f0fd780fff8fffdfffffff83e0ffc1ffffe0f7c1f1fffc07cff3fbf);
SIR 10 TDI (29e);
STATE IDLE;
RUNTEST 30001E-6 SEC;
SIR 10 TDI (2bf);
SIR 10 TDI (2a1);
SDR 11 TDI (0c3);
SIR 10 TDI (290);
SDR 326 TDI (0601fc1f003e0ffc3f743ffffc1f0fd780fff8fffdffffeaf83e0ffc1ffffe0ffc1f1fffc07cff3fbf);
SIR 10 TDI (29e);
STATE IDLE;
RUNTEST 30001E-6 SEC;
SIR 10 TDI (2bf);
SIR 10 TDI (2a1);
SDR 11 TDI (0c4);
SIR 10 TDI (290);
SDR 326 TDI (0601fc1f003e0ffc3ffc3fffdc1f0fd780fff8fffdfffffff83e0ffc1fbffe0ffc1f1fffc028b33fbf);
SIR 10 TDI (29e);
STATE IDLE;
RUNTEST 30001E-6 SEC;
SIR 10 TDI (2bf);
SIR 10 TDI (2a1);
SDR 11 TDI (0c5);
SIR 10 TDI (290);
SDR 326 TDI (0600fc1f003e0ffc3ffc3ffffc1f0fd780fff8fffd8ffffff83e0ffc1f7ffe0ffc1f1fffc05cff3fbf);
SIR 10 TDI (29e);
STATE IDLE;
RUNTEST 30001E-6 SEC;
SIR 10 TDI (2bf);
SIR 10 TDI (2a1);
SDR 11 TDI (0c6);
SIR 10 TDI (290);
SDR 326 TDI (0601fc1f003e0ffc3ffc3f7ffc1f0fd780fff8fffdfffffff83e0ffc1ffffe0ffc1f1fffc07cff3fbf);
SIR 10 TDI (29e);
STATE IDLE;
RUNTEST 30001E-6 SEC;
SIR 10 TDI (2bf);
SIR 10 TDI (2a1);
SDR 11 TDI (0c7);
SIR 10 TDI (290);
SDR 326 TDI (0601fc1f003e0ffc3ffc3eaebc1f0ed780cff8fffdffabfff83e0ffc1ffffe0ffc1f1fffc07cff3fbf);
SIR 10 TDI (29e);
STATE IDLE;
RUNTEST 30001E-6 SEC;
SIR 10 TDI (2bf);
SIR 10 TDI (2a1);
SDR 11 TDI (0c8);
SIR 10 TDI (290);
SDR 326 TDI (0601fc1f003e0ffc3ffc3bfffc1f0fd780fff8effdfffffff83e0ffc1ffffe0ffc0f1bfdc03cef3fbf);
SIR 10 TDI (29e);
STATE IDLE;
RUNTEST 30001E-6 SEC;
SIR 10 TDI (2bf);
SIR 10 TDI (2a1);
SDR 11 TDI (0c9);
SIR 10 TDI (290);
SDR 326 TDI (0600fc1d002e0bf43dfc05fff41d0f4780ffe8177dfbf7fdf82e0bf41dfff20fc81715fac05cd700bf);
SIR 10 TDI (29e);
STATE IDLE;
RUNTEST 30001E-6 SEC;
SIR 10 TDI (2bf);
SIR 10 TDI (2a1);
SDR 11 TDI (0ca);
SIR 10 TDI (290);
SDR 326 TDI (0601fc1f003e0ffc3ffc3eaffc1f0fd780fff8fffdfffffff83e0ffc1feffe0dfc1f1fffc07cdf33bf);
SIR 10 TDI (29e);
STATE IDLE;
RUNTEST 30001E-6 SEC;
SIR 10 TDI (2bf);
SIR 10 TDI (2a1);
SDR 11 TDI (0cb);
SIR 10 TDI (290);
SDR 326 TDI (0601fc1f003e0dfc3ffc3b7ffc1f0fd780fff8fffdfffffff83e0ffc1fde3e0bfc1f07fec07cff3dbf);
SIR 10 TDI (29e);
STATE IDLE;
RUNTEST 30001E-6 SEC;
SIR 10 TDI (2bf);
SIR 10 TDI (2a1);
SDR 11 TDI (0cc);
SIR 10 TDI (290);
SDR 326 TDI (0601fc1f003e0ffc3ffc1dfff81e0d9580fe789ffdfffffff83e0ffc1ffffe0ffc1f1fd5c04cb33fbf);
SIR 10 TDI (29e);
STATE IDLE;
RUNTEST 30001E-6 SEC;
SIR 10 TDI (2bf);
SIR 10 TDI (2a1);
SDR 11 TDI (0cd);
SIR 10 TDI (290);
SDR 326 TDI (0601fc0f003e0ffc3ffc3ffffc1f0fd380fff8fbfdfffffff83e057c1ffbbe0ffc1f1ffbc07cff3fbf);
SIR 10 TDI (29e);
STATE IDLE;
RUNTEST 30001E-6 SEC;
SIR 10 TDI (2bf);
SIR 10 TDI (2a1);
SDR 11 TDI (0ce);
SIR 10 TDI (290);
SDR 326 TDI (0601fc1d002e0bf43dfc37fffc1f0fd780fff8f7fdfffffff83e0ffc1ffffe0ffc0a1cf3c04cb33bbf);
SIR 10 TDI (29e);
STATE IDLE;
RUNTEST 30001E-6 SEC;
SIR 10 TDI (2bf);
SIR 10 TDI (2a1);
SDR 11 TDI (0cf);
SIR 10 TDI (290);
SDR 326 TDI (0601fc1f003e0ffc3ffc3ffffc1f0fd780fff8fffdfffffff83e0ffc1ffdbe0ffc171fffc07cff3fbf);
SIR 10 TDI (29e);
STATE IDLE;
RUNTEST 30001E-6 SEC;
SIR 10 TDI (2bf);
SIR 10 TDI (2a1);
SDR 11 TDI (0d0);
SIR 10 TDI (290);
SDR 326 TDI (0601741e003c07f82ffc3ffffc1f0fd7807ff8fffdfffffff83e0ffc1ff7fe0ffc1f1fffc07cff3fbf);
SIR 10 TDI (29e);
STATE IDLE;
RUNTEST 30001E-6 SEC;
SIR 10 TDI (2bf);
SIR 10 TDI (2a1);
SDR 11 TDI (0d1);
SIR 10 TDI (290);
SDR 326 TDI (0401bc1f003e0ffc3fbc3ffffc1f0fd780fff8fffdfffc7ff83e0ffc1ffffe0ffc1f1fffc07cff3ebf);
SIR 10 TDI (29e);
STATE IDLE;
RUNTEST 30001E-6 SEC;
SIR 10 TDI (2bf);
SIR 10 TDI (2a1);
SDR 11 TDI (0d2);
SIR 10 TDI (290);
SDR 326 TDI (0601fc02003e04083ffc3ffffc1f0fd780fff0ffcdfffffff83e0ffc1ffffe0ffc1f1fffc07cff3fbf);
SIR 10 TDI (29e);
STATE IDLE;
RUNTEST 30001E-6 SEC;
SIR 10 TDI (2bf);
SIR 10 TDI (2a1);
SDR 11 TDI (0d3);
SIR 10 TDI (290);
SDR 326 TDI (0601fc1f003e0ffc3ffc3ffffc1f0fd780fff8fffdfffffff83e0ffc1ffffe0ffc1f1fffc07cff3fbf);
SIR 10 TDI (29e);
STATE IDLE;
RUNTEST 30001E-6 SEC;
SIR 10 TDI (2bf);
SIR 10 TDI (2a1);
SDR 11 TDI (0d4);
SIR 10 TDI (290);
SDR 326 TDI (0601fc1f003e0ffc3ffc3ffffc1f0fd780fff8fffdfffffff83e0ffc1f7ffe0ffc1f1fffc07cff3fbf);
SIR 10 TDI (29e);
STATE IDLE;
RUNTEST 30001E-6 SEC;
SIR 10 TDI (2bf);
SIR 10 TDI (2a1);
SDR 11 TDI (0d5);
SIR 10 TDI (290);
SDR 326 TDI (0601fc1f003e0ffc3f6c3ffffc1f0fd780fff8fffdfffffff83e0ffc1fbffe0ffc1f1fffc07cff3fbf);
SIR 10 TDI (29e);
STATE IDLE;
RUNTEST 30001E-6 SEC;
SIR 10 TDI (2bf);
SIR 10 TDI (2a1);
SDR 11 TDI (0d6);
SIR 10 TDI (290);
SDR 326 TDI (0601fc1f003e0ffc3ffc3ffff41d0f4780fff8fffdfffffff83e0f881ffffe0ffc1a1e97c068fa3fbf);
SIR 10 TDI (29e);
STATE IDLE;
RUNTEST 30001E-6 SEC;
SIR 10 TDI (2bf);
SIR 10 TDI (2a1);
SDR 11 TDI (0d7);
SIR 10 TDI (290);
SDR 326 TDI (0601fc1f003e0fec3ffc3ffffc1f0fd780fff8fffdfffffff83e0ffc1ffffe0ffc1f1fffc07cff3fbf);
SIR 10 TDI (29e);
STATE IDLE;
RUNTEST 30001E-6 SEC;
SIR 10 TDI (2bf);
SIR 10 TDI (2a1);
SDR 11 TDI (0d8);
SIR 10 TDI (290);
SDR 326 TDI (0601fc1f003e0ffc3ffc3ffffc1f0fd780fff8fffdfffffff83e0ffc1ffffe0ffc1f1fffc07cff3fbf);
SIR 10 TDI (29e);
STATE IDLE;
RUNTEST 30001E-6 SEC;
SIR 10 TDI (2bf);
SIR 10 TDI (2a1);
SDR 11 TDI (0d9);
SIR 10 TDI (290);
SDR 326 TDI (0601fc1f003e0ffc3ffc3ffffc1f0fd780fff8fffdfffffff83e0ffc1ffffe0ffc1f1fffc07cff3fbf);
SIR 10 TDI (29e);
STATE IDLE;
RUNTEST 30001E-6 SEC;
SIR 10 TDI (2bf);
SIR 10 TDI (2a1);
SDR 11 TDI (0da);
SIR 10 TDI (290);
SDR 326 TDI (0601fc1f003e0ffc3ffc3ffffc1f0fd780fff8fffdfffffff83e0ffc1ffffe0ffc1f1fffc07cff3fbf);
SIR 10 TDI (29e);
STATE IDLE;
RUNTEST 30001E-6 SEC;
SIR 10 TDI (2bf);
SIR 10 TDI (2a1);
SDR 11 TDI (0db);
SIR 10 TDI (290);
SDR 326 TDI (0601fc1f003e0ffc3ffc3ffffc1f0fd780fff8fffdfffffff83e0ffc1ffffe0ffc1f1fffc07cff3fbf);
SIR 10 TDI (29e);
STATE IDLE;
RUNTEST 30001E-6 SEC;
SIR 10 TDI (2bf);
SIR 10 TDI (2a1);
SDR 11 TDI (0dc);
SIR 10 TDI (290);
SDR 326 TDI (0601fc1f003e0ffc3ffc3ffffc1f0fd780fff8fffdfffffff83e0ffc1ffffe0ffc1f1fffc07cff3fbf);
SIR 10 TDI (29e);
STATE IDLE;
RUNTEST 30001E-6 SEC;
SIR 10 TDI (2bf);
SIR 10 TDI (2a1);
SDR 11 TDI (0dd);
SIR 10 TDI (290);
SDR 326 TDI (0601fc1f003e0ffc3ffc3ffffc1f0fd780fff8fffdfffffff83e0ffc1ffffe0ffc1f1fffc07cff3fbf);
SIR 10 TDI (29e);
STATE IDLE;
RUNTEST 30001E-6 SEC;
SIR 10 TDI (2bf);
SIR 10 TDI (2a1);
SDR 11 TDI (0de);
SIR 10 TDI (290);
SDR 326 TDI (0601fc1f003e0ffc3ffc3ffffc1f0fd780fff8fffdfffffff83e0ffc1ffffe0ffc1f1fffc07cff3fbf);
SIR 10 TDI (29e);
STATE IDLE;
RUNTEST 30001E-6 SEC;
SIR 10 TDI (2bf);
SIR 10 TDI (2a1);
SDR 11 TDI (0df);
SIR 10 TDI (290);
SDR 326 TDI (0601fc1f003e0ffc3ffc3ffffc1f0fd780fff8fffdfffffff83e0ffc1ffffe0ffc1f1fffc07cff3fbf);
SIR 10 TDI (29e);
STATE IDLE;
RUNTEST 30001E-6 SEC;
SIR 10 TDI (2bf);
STATE IDLE;
SIR 10 TDI (2a1);
SDR 11 TDI (000);
SIR 10 TDI (290);
SDR 326 TDI (3fffcfcdfcf8198808803ffff330f3f0c80000003fffffffc3ffc00080003fffc000c30f00889098bf);
SIR 10 TDI (29e);
STATE IDLE;
RUNTEST 30001E-6 SEC;
SIR 10 TDI (2bf);
SIR 10 TDI (2a1);
SDR 11 TDI (001);
SIR 10 TDI (290);
SDR 326 TDI (3fffc6446664202266223fffe2206260402000003fffe6664766666c46627fffe6206226160001003f);
SIR 10 TDI (29e);
STATE IDLE;
RUNTEST 30001E-6 SEC;
SIR 10 TDI (2bf);
SIR 10 TDI (2a1);
SDR 11 TDI (002);
SIR 10 TDI (290);
SDR 326 TDI (3fffd1100119803300003fffd9999919803000003fffc10098003ff00ff3ffffd111b9b0000000003f);
SIR 10 TDI (29e);
STATE IDLE;
RUNTEST 30001E-6 SEC;
SIR 10 TDI (2bf);
SIR 10 TDI (2a1);
SDR 11 TDI (003);
SIR 10 TDI (290);
SDR 326 TDI (3fffffffffffddbbf7fbffffffffffffdfbb9fbbbffffffffcffdfbfddbbffffffffffffcfbb9eaabf);
SIR 10 TDI (29e);
STATE IDLE;
RUNTEST 30001E-6 SEC;
SIR 10 TDI (2bf);
SIR 10 TDI (2a1);
SDR 11 TDI (004);
SIR 10 TDI (290);
SDR 326 TDI (3fffffffffffffdd91ddffffffffffffffdfffffffffffffffffd993f99dbfffffffffffc9fffcccff);
SIR 10 TDI (29e);
STATE IDLE;
RUNTEST 30001E-6 SEC;
SIR 10 TDI (2bf);
SIR 10 TDI (2a1);
SDR 11 TDI (005);
SIR 10 TDI (290);
SDR 326 TDI (3ffffffff33f2feefff7ffffffffff3f2f676f777fffc300ff00266ff66e7fffcccf3cff2fffffffff);
SIR 10 TDI (29e);
STATE IDLE;
RUNTEST 30001E-6 SEC;
SIR 10 TDI (2bf);
SIR 10 TDI (2a1);
SDR 11 TDI (006);
SIR 10 TDI (290);
SDR 326 TDI (3ffff1dbbdcfc18801813fffd31eddd910008091bfffc1dbb11809991188bfffd99d9dd3908108113f);
SIR 10 TDI (29e);
STATE IDLE;
RUNTEST 30001E-6 SEC;
SIR 10 TDI (2bf);
SIR 10 TDI (2a1);
SDR 11 TDI (007);
SIR 10 TDI (290);
SDR 326 TDI (3fffe0422446442244207fffc2264464082202807fffc0422000424466643fffe4460446246896a83f);
SIR 10 TDI (29e);
STATE IDLE;
RUNTEST 30001E-6 SEC;
SIR 10 TDI (2bf);
SIR 10 TDI (2a1);
SDR 11 TDI (008);
SIR 10 TDI (290);
SDR 326 TDI (3fffc80000188c33cc003fffc1800000003000003fffd80008818000cc303fffc88108080c3003003f);
SIR 10 TDI (29e);
STATE IDLE;
RUNTEST 30001E-6 SEC;
SIR 10 TDI (2bf);
SIR 10 TDI (2a1);
SDR 11 TDI (009);
SIR 10 TDI (290);
SDR 326 TDI (3fffffffffffddb3cc33ffffffcffff0cf3307ba3fffffffffffdc33cc33ffffffffffffcf330f333f);
SIR 10 TDI (29e);
STATE IDLE;
RUNTEST 30001E-6 SEC;
SIR 10 TDI (2bf);
SIR 10 TDI (2a1);
SDR 11 TDI (00a);
SIR 10 TDI (290);
SDR 326 TDI (3ffffffffffffbd18813bfffffffffffc011013c3ffffffffffffc338813ffffffffffffcb130d333f);
SIR 10 TDI (29e);
STATE IDLE;
RUNTEST 30001E-6 SEC;
SIR 10 TDI (2bf);
SIR 10 TDI (2a1);
SDR 11 TDI (00b);
SIR 10 TDI (290);
SDR 326 TDI (3ffffee4423cf7ee77fffffffccf6e2fffefff777fffff3ccfff2e776667ffffccc30c0c37effeffff);
SIR 10 TDI (29e);
STATE IDLE;
RUNTEST 30001E-6 SEC;
SIR 10 TDI (2bf);
STATE IDLE;
SIR 10 TDI (2a1);
SDR 11 TDI (0e0);
SIR 10 TDI (290);
SDR 326 TDI (3fdffebfffffffffffffefff7ebfffffffffffffffffffffffffffffebfffffffebf7fffffffffffff);
SIR 10 TDI (29e);
STATE IDLE;
RUNTEST 30001E-6 SEC;
SIR 10 TDI (2bf);
SIR 10 TDI (2a1);
SDR 11 TDI (0e1);
SIR 10 TDI (290);
SDR 326 TDI (3ffffffffffd7ffffffffffffffffffd7fffffffd7ffffffffffffffffffffffd7fffffffffffffff7);
SIR 10 TDI (29e);
STATE IDLE;
RUNTEST 30001E-6 SEC;
SIR 10 TDI (2bf);
SIR 10 TDI (2a1);
SDR 11 TDI (0e2);
SIR 10 TDI (290);
SDR 326 TDI (3fffffffffffffffffffffffffffffffffffefffffffffffffffffffffffffffffffffff7fffffffef);
SIR 10 TDI (29e);
STATE IDLE;
RUNTEST 30001E-6 SEC;
SIR 10 TDI (2bf);
SIR 10 TDI (2a1);
SDR 11 TDI (0e3);
SIR 10 TDI (290);
SDR 326 TDI (3fffffffffffdfffffbffdffffffffffffffffffffffffffffffffffffffffffffffffffdbffff3fff);
SIR 10 TDI (29e);
STATE IDLE;
RUNTEST 30001E-6 SEC;
SIR 10 TDI (2bf);
SIR 10 TDI (2a1);
SDR 11 TDI (0e4);
SIR 10 TDI (290);
SDR 326 TDI (3ffffffffbfffffffffffffffffdfffffffffffffffffffffffffffffffffffffffdffffffffffffff);
SIR 10 TDI (29e);
STATE IDLE;
RUNTEST 30001E-6 SEC;
SIR 10 TDI (2bf);
SIR 10 TDI (2a1);
SDR 11 TDI (0e5);
SIR 10 TDI (290);
SDR 326 TDI (3d7fffffffffffffffffffffffffd7fffffff7fffc7fffffffff7fffffffffffffffd7ffffffffffff);
SIR 10 TDI (29e);
STATE IDLE;
RUNTEST 30001E-6 SEC;
SIR 10 TDI (2bf);
SIR 10 TDI (2a1);
SDR 11 TDI (0e6);
SIR 10 TDI (290);
SDR 326 TDI (37ffedffffffffffffffdfffff7fefffbffffffffffbfbff6fffffffffffffffffffbfffffffffffdd);
SIR 10 TDI (29e);
STATE IDLE;
RUNTEST 30001E-6 SEC;
SIR 10 TDI (2bf);
SIR 10 TDI (2a1);
SDR 11 TDI (0e7);
SIR 10 TDI (290);
SDR 326 TDI (3ffffffffffffffffffffffffffffffffffffffffff7ffffffffffdefffffffffffffffffffffbffff);
SIR 10 TDI (29e);
STATE IDLE;
RUNTEST 30001E-6 SEC;
SIR 10 TDI (2bf);
SIR 10 TDI (2a1);
SDR 11 TDI (0e8);
SIR 10 TDI (290);
SDR 326 TDI (3fff5ffff7ffffffffffffffdbdf7ffffffeffffffffdffffbffff7f7f7fffffffffffffffffffffff);
SIR 10 TDI (29e);
STATE IDLE;
RUNTEST 30001E-6 SEC;
SIR 10 TDI (2bf);
SIR 10 TDI (2a1);
SDR 11 TDI (0e9);
SIR 10 TDI (290);
SDR 326 TDI (3ffebfffffd7fffffffffffebfffffd7fffffefffffcbfdffffbfffffffffffd7fd7ffffffebf7ffff);
SIR 10 TDI (29e);
STATE IDLE;
RUNTEST 30001E-6 SEC;
SIR 10 TDI (2bf);
SIR 10 TDI (2a1);
SDR 11 TDI (0ea);
SIR 10 TDI (290);
SDR 326 TDI (3fbffffffffffffeffffffbffffffffffd7fffffffffffffffffd7fffffffc3fffffffffffffffffff);
SIR 10 TDI (29e);
STATE IDLE;
RUNTEST 30001E-6 SEC;
SIR 10 TDI (2bf);
SIR 10 TDI (2a1);
SDR 11 TDI (0eb);
SIR 10 TDI (290);
SDR 326 TDI (3fffffffffffffbfd7ffffffffeffd7fffbffffffffffd7fffffffbffefffffffd6bffffffffffffff);
SIR 10 TDI (29e);
STATE IDLE;
RUNTEST 30001E-6 SEC;
SIR 10 TDI (2bf);
SIR 10 TDI (2a1);
SDR 11 TDI (0ec);
SIR 10 TDI (290);
SDR 326 TDI (3fffffffffffeffffffffffffffffffffffffffffbffffffffffefffffffffffffffffffffffffffff);
SIR 10 TDI (29e);
STATE IDLE;
RUNTEST 30001E-6 SEC;
SIR 10 TDI (2bf);
SIR 10 TDI (2a1);
SDR 11 TDI (0ed);
SIR 10 TDI (290);
SDR 326 TDI (3ffffffffffffffffffffff7fffffffffffffffffffffffffffeffffffffffffbffffffffffffdffff);
SIR 10 TDI (29e);
STATE IDLE;
RUNTEST 30001E-6 SEC;
SIR 10 TDI (2bf);
SIR 10 TDI (2a1);
SDR 11 TDI (0ee);
SIR 10 TDI (290);
SDR 326 TDI (3fffffefbfffffffff43ff7fffffffffffefffc3ffffffefffffffffffc3ffdfffffffffffffffc3ff);
SIR 10 TDI (29e);
STATE IDLE;
RUNTEST 30001E-6 SEC;
SIR 10 TDI (2bf);
SIR 10 TDI (2a1);
SDR 11 TDI (0ef);
SIR 10 TDI (290);
SDR 326 TDI (3fffffffffffffffffffffffffffffffffffffffffff7fffffffffffffbfffffffffffffefffffffff);
SIR 10 TDI (29e);
STATE IDLE;
RUNTEST 30001E-6 SEC;
SIR 10 TDI (2bf);
SIR 10 TDI (2a1);
SDR 11 TDI (0f0);
SIR 10 TDI (290);
SDR 326 TDI (3ffffffffffffffbffffffffffffffffffffdfffffffffffffffffffd7fffffffffffeffffffffffff);
SIR 10 TDI (29e);
STATE IDLE;
RUNTEST 30001E-6 SEC;
SIR 10 TDI (2bf);
SIR 10 TDI (2a1);
SDR 11 TDI (0f1);
SIR 10 TDI (290);
SDR 326 TDI (3fffffffffffffd7fffffbfffffffffbffd7fffffffffffffebffff7bfffffffffffffffffd7fffffb);
SIR 10 TDI (29e);
STATE IDLE;
RUNTEST 30001E-6 SEC;
SIR 10 TDI (2bf);
SIR 10 TDI (2a1);
SDR 11 TDI (0f2);
SIR 10 TDI (290);
SDR 326 TDI (3fffffffffffff7febfffffffff6fffffffbffffffffffffffffffebfffffffffffffffbffffdeffff);
SIR 10 TDI (29e);
STATE IDLE;
RUNTEST 30001E-6 SEC;
SIR 10 TDI (2bf);
SIR 10 TDI (2a1);
SDR 11 TDI (0f3);
SIR 10 TDI (290);
SDR 326 TDI (3ffffffffffffffffffffffffffffffffffffdffffbfeffefffdffffffffffffffffffffffffffffff);
SIR 10 TDI (29e);
STATE IDLE;
RUNTEST 30001E-6 SEC;
SIR 10 TDI (2bf);
SIR 10 TDI (2a1);
SDR 11 TDI (0f4);
SIR 10 TDI (290);
SDR 326 TDI (3fffffffffffffff7ffff7ffffffffffd7ffffffffeff7f5ff7ffffffffffbffffffffffffffffffff);
SIR 10 TDI (29e);
STATE IDLE;
RUNTEST 30001E-6 SEC;
SIR 10 TDI (2bf);
SIR 10 TDI (2a1);
SDR 11 TDI (0f5);
SIR 10 TDI (290);
SDR 326 TDI (3ffffffffffff7ffbffffffffffffffeffffbffffffffffffffff9fdfffffffffffffffffd3d7fffff);
SIR 10 TDI (29e);
STATE IDLE;
RUNTEST 30001E-6 SEC;
SIR 10 TDI (2bf);
SIR 10 TDI (2a1);
SDR 11 TDI (0f6);
SIR 10 TDI (290);
SDR 326 TDI (3ffffffffffffffffffffffffffffffffffffffffffffffff7ffbffffffffffffffffffebfffffffff);
SIR 10 TDI (29e);
STATE IDLE;
RUNTEST 30001E-6 SEC;
SIR 10 TDI (2bf);
SIR 10 TDI (2a1);
SDR 11 TDI (0f7);
SIR 10 TDI (290);
SDR 326 TDI (3fffffd3fffefffffffffffbfffbfefffffd7bfffffffffbffd7feffffffffffffffffd7fffeaffdff);
SIR 10 TDI (29e);
STATE IDLE;
RUNTEST 30001E-6 SEC;
SIR 10 TDI (2bf);
SIR 10 TDI (2a1);
SDR 11 TDI (0f8);
SIR 10 TDI (290);
SDR 326 TDI (3fffffffdffffffffefc3fffffffffffffffffbc2ffffffffffffffffffc3ffffffffffffffffffe3e);
SIR 10 TDI (29e);
STATE IDLE;
RUNTEST 30001E-6 SEC;
SIR 10 TDI (2bf);
SIR 10 TDI (2a1);
SDR 11 TDI (0f9);
SIR 10 TDI (290);
SDR 326 TDI (3ffffffffffffffffffffffffffffffffafffffffffffefffffffffffdfff7ffffffffffffffffffff);
SIR 10 TDI (29e);
STATE IDLE;
RUNTEST 30001E-6 SEC;
SIR 10 TDI (2bf);
SIR 10 TDI (2a1);
SDR 11 TDI (0fa);
SIR 10 TDI (290);
SDR 326 TDI (1fe9fbffffffbcedffffffcdfdffffbfffffffffffdffffffdefffffffffefebffffffbdffffffffff);
SIR 10 TDI (29e);
STATE IDLE;
RUNTEST 30001E-6 SEC;
SIR 10 TDI (2bf);
STATE IDLE;
SIR 10 TDI (2a1);
SDR 11 TDI (200);
SIR 10 TDI (292);
SDR 4 TDI (f);
SIR 10 TDI (29e);
STATE IDLE;
RUNTEST 30001E-6 SEC;
SIR 10 TDI (2bf);
STATE IDLE;
SIR 10 TDI (2a1);
SDR 11 TDI (300);
SIR 10 TDI (293);
SDR 16 TDI (ffff);
SIR 10 TDI (29e);
STATE IDLE;
RUNTEST 30001E-6 SEC;
SIR 10 TDI (2bf);
STATE IDLE;
SIR 10 TDI (2a1);
SDR 11 TDI (100);
SIR 10 TDI (291);
SDR 32 TDI (70cd707f);
SIR 10 TDI (29e);
STATE IDLE;
RUNTEST 30001E-6 SEC;
SIR 10 TDI (2bf);
STATE IDLE;
SIR 10 TDI (2a1);
SDR 11 TDI (00c);
SIR 10 TDI (28c);
STATE IDLE;
RUNTEST 20001E-6 SEC;
SIR 10 TDI (290);
SDR 326 TDI (3ff3e01e0403f0fc380fc5ffa008fa05ffa3e8fa0000001affc6000018003f00fbf0ff83ffffff7fff)
	TDO (3ff3e01e0403f0fc380fc5ffa008fa05ffa3e8fa0000001affc6000018003f00fbf0ff83ffffff7fff)
	MASK (3fffffffffffffffffffffffffffffffffffffffffffffffffffffffffffffffffffffffffffffffff);
SIR 10 TDI (2a1);
SDR 11 TDI (00d);
SIR 10 TDI (28c);
STATE IDLE;
RUNTEST 20001E-6 SEC;
SIR 10 TDI (290);
SDR 326 TDI (1ff3e01e0403f0fc380fc5ffa008fa05ffa3e8fa0000001affc6000018003f00fbf0ff83fffc1fffff)
	TDO (1ff3e01e0403f0fc380fc5ffa008fa05ffa3e8fa0000001affc6000018003f00fbf0ff83fffc1fffff)
	MASK (3fffffffffffffffffffffffffffffffffffffffffffffffffffffffffffffffffffffffffffffffff);
SIR 10 TDI (2a1);
SDR 11 TDI (00e);
SIR 10 TDI (28c);
STATE IDLE;
RUNTEST 20001E-6 SEC;
SIR 10 TDI (290);
SDR 326 TDI (01f3e01e0403f0fc380fc5ffa008fa05ffa3e8fa00000018ffc6000018003f00fbf0ff83fffc1fffff)
	TDO (01f3e01e0403f0fc380fc5ffa008fa05ffa3e8fa00000018ffc6000018003f00fbf0ff83fffc1fffff)
	MASK (3fffffffffffffffffffffffffffffffffffffffffffffffffffffffffffffffffffffffffffffffff);
SIR 10 TDI (2a1);
SDR 11 TDI (00f);
SIR 10 TDI (28c);
STATE IDLE;
RUNTEST 20001E-6 SEC;
SIR 10 TDI (290);
SDR 326 TDI (01f3e01e0403f0fc380fc5ffa008fa05ffa3e8fa0000001affc6000018003f00fbf0ff83ffffffffff)
	TDO (01f3e01e0403f0fc380fc5ffa008fa05ffa3e8fa0000001affc6000018003f00fbf0ff83ffffffffff)
	MASK (3fffffffffffffffffffffffffffffffffffffffffffffffffffffffffffffffffffffffffffffffff);
SIR 10 TDI (2a1);
SDR 11 TDI (010);
SIR 10 TDI (28c);
STATE IDLE;
RUNTEST 20001E-6 SEC;
SIR 10 TDI (290);
SDR 326 TDI (3ff3e01e0403f0fc380fc5ffa008fa05ffa3e8fa0000001affc6000018003f00c3f0fc03ffffffffff)
	TDO (3ff3e01e0403f0fc380fc5ffa008fa05ffa3e8fa0000001affc6000018003f00c3f0fc03ffffffffff)
	MASK (3fffffffffffffffffffffffffffffffffffffffffffffffffffffffffffffffffffffffffffffffff);
SIR 10 TDI (2a1);
SDR 11 TDI (011);
SIR 10 TDI (28c);
STATE IDLE;
RUNTEST 20001E-6 SEC;
SIR 10 TDI (290);
SDR 326 TDI (3ff3e01e040220fc380fc5ffa008fa05ffa3e8fa0000001affc6000018003f00fbf0ff83ffffffffff)
	TDO (3ff3e01e040220fc380fc5ffa008fa05ffa3e8fa0000001affc6000018003f00fbf0ff83ffffffffff)
	MASK (3fffffffffffffffffffffffffffffffffffffffffffffffffffffffffffffffffffffffffffffffff);
SIR 10 TDI (2a1);
SDR 11 TDI (012);
SIR 10 TDI (28c);
STATE IDLE;
RUNTEST 20001E-6 SEC;
SIR 10 TDI (290);
SDR 326 TDI (3ff3e01e0403f0fc380fc5ffa008fa05ffa3e8fa0000001affc6000018003f00fbf0ff83ffffffffff)
	TDO (3ff3e01e0403f0fc380fc5ffa008fa05ffa3e8fa0000001affc6000018003f00fbf0ff83ffffffffff)
	MASK (3fffffffffffffffffffffffffffffffffffffffffffffffffffffffffffffffffffffffffffffffff);
SIR 10 TDI (2a1);
SDR 11 TDI (013);
SIR 10 TDI (28c);
STATE IDLE;
RUNTEST 20001E-6 SEC;
SIR 10 TDI (290);
SDR 326 TDI (3ff3e01e040220fc380fc5ffa008fa05ffa3e8fa0000001af806000018003f00fbf0ff83ffffeff7ff)
	TDO (3ff3e01e040220fc380fc5ffa008fa05ffa3e8fa0000001af806000018003f00fbf0ff83ffffeff7ff)
	MASK (3fffffffffffffffffffffffffffffffffffffffffffffffffffffffffffffffffffffffffffffffff);
SIR 10 TDI (2a1);
SDR 11 TDI (014);
SIR 10 TDI (28c);
STATE IDLE;
RUNTEST 20001E-6 SEC;
SIR 10 TDI (290);
SDR 326 TDI (3ff3e01e040220fc380fc5ffa008fa05ffa3e8fa0000001affc6000018003f00fbf0ff83fffc1fffff)
	TDO (3ff3e01e040220fc380fc5ffa008fa05ffa3e8fa0000001affc6000018003f00fbf0ff83fffc1fffff)
	MASK (3fffffffffffffffffffffffffffffffffffffffffffffffffffffffffffffffffffffffffffffffff);
SIR 10 TDI (2a1);
SDR 11 TDI (015);
SIR 10 TDI (28c);
STATE IDLE;
RUNTEST 20001E-6 SEC;
SIR 10 TDI (290);
SDR 326 TDI (3ff3e01e0403f0fc380fc5ffa008fa05ffa3e8fa0000001af806000018003f00fbf0ff83ffffffffff)
	TDO (3ff3e01e0403f0fc380fc5ffa008fa05ffa3e8fa0000001af806000018003f00fbf0ff83ffffffffff)
	MASK (3fffffffffffffffffffffffffffffffffffffffffffffffffffffffffffffffffffffffffffffffff);
SIR 10 TDI (2a1);
SDR 11 TDI (016);
SIR 10 TDI (28c);
STATE IDLE;
RUNTEST 20001E-6 SEC;
SIR 10 TDI (290);
SDR 326 TDI (01f3e01e0403f0fc380fc5ffa008fa05ffa3e8fa00000018ffc6000018003f00fbf0ff83fffc1fffff)
	TDO (01f3e01e0403f0fc380fc5ffa008fa05ffa3e8fa00000018ffc6000018003f00fbf0ff83fffc1fffff)
	MASK (3fffffffffffffffffffffffffffffffffffffffffffffffffffffffffffffffffffffffffffffffff);
SIR 10 TDI (2a1);
SDR 11 TDI (017);
SIR 10 TDI (28c);
STATE IDLE;
RUNTEST 20001E-6 SEC;
SIR 10 TDI (290);
SDR 326 TDI (3ff3e01e0403f0fc380fc5ffa008fa05ffa3e8fa0000001affc6000018003f00fbf0ff83ffffffffff)
	TDO (3ff3e01e0403f0fc380fc5ffa008fa05ffa3e8fa0000001affc6000018003f00fbf0ff83ffffffffff)
	MASK (3fffffffffffffffffffffffffffffffffffffffffffffffffffffffffffffffffffffffffffffffff);
SIR 10 TDI (2a1);
SDR 11 TDI (018);
SIR 10 TDI (28c);
STATE IDLE;
RUNTEST 20001E-6 SEC;
SIR 10 TDI (290);
SDR 326 TDI (01f3e01e0403f0fc380fc5ffa008fa05ffa3e8fa0000001affc6000018003f00fbf0ff83fffc1fffff)
	TDO (01f3e01e0403f0fc380fc5ffa008fa05ffa3e8fa0000001affc6000018003f00fbf0ff83fffc1fffff)
	MASK (3fffffffffffffffffffffffffffffffffffffffffffffffffffffffffffffffffffffffffffffffff);
SIR 10 TDI (2a1);
SDR 11 TDI (019);
SIR 10 TDI (28c);
STATE IDLE;
RUNTEST 20001E-6 SEC;
SIR 10 TDI (290);
SDR 326 TDI (3df3e01e0403f0fc380fc5ffa008fa05ffa3e8fa0000001affc6000018003f00fbf0ff83fffddfffff)
	TDO (3df3e01e0403f0fc380fc5ffa008fa05ffa3e8fa0000001affc6000018003f00fbf0ff83fffddfffff)
	MASK (3fffffffffffffffffffffffffffffffffffffffffffffffffffffffffffffffffffffffffffffffff);
SIR 10 TDI (2a1);
SDR 11 TDI (01a);
SIR 10 TDI (28c);
STATE IDLE;
RUNTEST 20001E-6 SEC;
SIR 10 TDI (290);
SDR 326 TDI (3ff3e01e0403f0fc380fc5ffa008fa05ffa3e8fa0000001affc6000018003f00f3f0ff03ffffffffff)
	TDO (3ff3e01e0403f0fc380fc5ffa008fa05ffa3e8fa0000001affc6000018003f00f3f0ff03ffffffffff)
	MASK (3fffffffffffffffffffffffffffffffffffffffffffffffffffffffffffffffffffffffffffffffff);
SIR 10 TDI (2a1);
SDR 11 TDI (01b);
SIR 10 TDI (28c);
STATE IDLE;
RUNTEST 20001E-6 SEC;
SIR 10 TDI (290);
SDR 326 TDI (3ff3e01e0403f0fc380fc5ffa008fa05ffa3e8fa0000001affc6000018003f00fbf0ff83ffffffffff)
	TDO (3ff3e01e0403f0fc380fc5ffa008fa05ffa3e8fa0000001affc6000018003f00fbf0ff83ffffffffff)
	MASK (3fffffffffffffffffffffffffffffffffffffffffffffffffffffffffffffffffffffffffffffffff);
SIR 10 TDI (2a1);
SDR 11 TDI (01c);
SIR 10 TDI (28c);
STATE IDLE;
RUNTEST 20001E-6 SEC;
SIR 10 TDI (290);
SDR 326 TDI (3ff3e01e0403f0fc380fc5ffa008fa05ffa3e8fa0000001afe46000018003f00fbf0ff83ffffffffff)
	TDO (3ff3e01e0403f0fc380fc5ffa008fa05ffa3e8fa0000001afe46000018003f00fbf0ff83ffffffffff)
	MASK (3fffffffffffffffffffffffffffffffffffffffffffffffffffffffffffffffffffffffffffffffff);
SIR 10 TDI (2a1);
SDR 11 TDI (01d);
SIR 10 TDI (28c);
STATE IDLE;
RUNTEST 20001E-6 SEC;
SIR 10 TDI (290);
SDR 326 TDI (3ff3e01e0403f0fc380fc4efa008fa05ffa3e8fa0000001af7c6000018003f00fbf0ff83ffffffffff)
	TDO (3ff3e01e0403f0fc380fc4efa008fa05ffa3e8fa0000001af7c6000018003f00fbf0ff83ffffffffff)
	MASK (3fffffffffffffffffffffffffffffffffffffffffffffffffffffffffffffffffffffffffffffffff);
SIR 10 TDI (2a1);
SDR 11 TDI (01e);
SIR 10 TDI (28c);
STATE IDLE;
RUNTEST 20001E-6 SEC;
SIR 10 TDI (290);
SDR 326 TDI (3ff3e01e0403f0fc380fc5fea008ca05ffa040fa0000001aefc6000018003d00fbf0ff83ffffffffff)
	TDO (3ff3e01e0403f0fc380fc5fea008ca05ffa040fa0000001aefc6000018003d00fbf0ff83ffffffffff)
	MASK (3fffffffffffffffffffffffffffffffffffffffffffffffffffffffffffffffffffffffffffffffff);
SIR 10 TDI (2a1);
SDR 11 TDI (01f);
SIR 10 TDI (28c);
STATE IDLE;
RUNTEST 20001E-6 SEC;
SIR 10 TDI (290);
SDR 326 TDI (3ff3e01e0403f0fc380fc5fda008fa05ffa3e8fa0000001affc6000018003f00fbf0ff83ffffffffff)
	TDO (3ff3e01e0403f0fc380fc5fda008fa05ffa3e8fa0000001affc6000018003f00fbf0ff83ffffffffff)
	MASK (3fffffffffffffffffffffffffffffffffffffffffffffffffffffffffffffffffffffffffffffffff);
SIR 10 TDI (2a1);
SDR 11 TDI (020);
SIR 10 TDI (28c);
STATE IDLE;
RUNTEST 20001E-6 SEC;
SIR 10 TDI (290);
SDR 326 TDI (3ff2e01e0403f0fc380fc5ffa008fa05ffa3e8fa0000001affc2000010003700ab60b282eff3ecf7ff)
	TDO (3ff2e01e0403f0fc380fc5ffa008fa05ffa3e8fa0000001affc2000010003700ab60b282eff3ecf7ff)
	MASK (3fffffffffffffffffffffffffffffffffffffffffffffffffffffffffffffffffffffffffffffffff);
SIR 10 TDI (2a1);
SDR 11 TDI (021);
SIR 10 TDI (28c);
STATE IDLE;
RUNTEST 20001E-6 SEC;
SIR 10 TDI (290);
SDR 326 TDI (3ff3e0160403f0fc380fc5ffa008fa05ffa3e8fa0000001affc6000018003f0050904d031ffdffe83f)
	TDO (3ff3e0160403f0fc380fc5ffa008fa05ffa3e8fa0000001affc6000018003f0050904d031ffdffe83f)
	MASK (3fffffffffffffffffffffffffffffffffffffffffffffffffffffffffffffffffffffffffffffffff);
SIR 10 TDI (2a1);
SDR 11 TDI (022);
SIR 10 TDI (28c);
STATE IDLE;
RUNTEST 20001E-6 SEC;
SIR 10 TDI (290);
SDR 326 TDI (3ec3e01e0403f0fc380fc5ffa008fa05ffa3e8fa0000001affc6000010003f00f9d0ff82efffffffff)
	TDO (3ec3e01e0403f0fc380fc5ffa008fa05ffa3e8fa0000001affc6000010003f00f9d0ff82efffffffff)
	MASK (3fffffffffffffffffffffffffffffffffffffffffffffffffffffffffffffffffffffffffffffffff);
SIR 10 TDI (2a1);
SDR 11 TDI (023);
SIR 10 TDI (28c);
STATE IDLE;
RUNTEST 20001E-6 SEC;
SIR 10 TDI (290);
SDR 326 TDI (27f3e01e0402f0fc380dc5ffa0083205ffa3e8fa0000001affc6000018003f00bbf0ff83dfffffffff)
	TDO (27f3e01e0402f0fc380dc5ffa0083205ffa3e8fa0000001affc6000018003f00bbf0ff83dfffffffff)
	MASK (3fffffffffffffffffffffffffffffffffffffffffffffffffffffffffffffffffffffffffffffffff);
SIR 10 TDI (2a1);
SDR 11 TDI (024);
SIR 10 TDI (28c);
STATE IDLE;
RUNTEST 20001E-6 SEC;
SIR 10 TDI (290);
SDR 326 TDI (3ff3e01e0403d0fc380fc5ffa008fa05ffa3e8fa0000001affc6000018002f00fbf0ff83ffffffffff)
	TDO (3ff3e01e0403d0fc380fc5ffa008fa05ffa3e8fa0000001affc6000018002f00fbf0ff83ffffffffff)
	MASK (3fffffffffffffffffffffffffffffffffffffffffffffffffffffffffffffffffffffffffffffffff);
SIR 10 TDI (2a1);
SDR 11 TDI (025);
SIR 10 TDI (28c);
STATE IDLE;
RUNTEST 20001E-6 SEC;
SIR 10 TDI (290);
SDR 326 TDI (3ff3e01e0403f0fc380fc5ffa008fa05ffa3e8fa0000001affc6000018003f00fbf0ff83ffffffffff)
	TDO (3ff3e01e0403f0fc380fc5ffa008fa05ffa3e8fa0000001affc6000018003f00fbf0ff83ffffffffff)
	MASK (3fffffffffffffffffffffffffffffffffffffffffffffffffffffffffffffffffffffffffffffffff);
SIR 10 TDI (2a1);
SDR 11 TDI (026);
SIR 10 TDI (28c);
STATE IDLE;
RUNTEST 20001E-6 SEC;
SIR 10 TDI (290);
SDR 326 TDI (3ff3e01e0403f0fc380fc5fda008fa05ffa3e8fa0000001adfc6000018003f00fbf0ff83ffffffffff)
	TDO (3ff3e01e0403f0fc380fc5fda008fa05ffa3e8fa0000001adfc6000018003f00fbf0ff83ffffffffff)
	MASK (3fffffffffffffffffffffffffffffffffffffffffffffffffffffffffffffffffffffffffffffffff);
SIR 10 TDI (2a1);
SDR 11 TDI (027);
SIR 10 TDI (28c);
STATE IDLE;
RUNTEST 20001E-6 SEC;
SIR 10 TDI (290);
SDR 326 TDI (3ff3e01a0403f0fc380fc5fea008fa05ffa3e8fa0000001affc6000018003f00fbf0ff83ffcff3ffff)
	TDO (3ff3e01a0403f0fc380fc5fea008fa05ffa3e8fa0000001affc6000018003f00fbf0ff83ffcff3ffff)
	MASK (3fffffffffffffffffffffffffffffffffffffffffffffffffffffffffffffffffffffffffffffffff);
SIR 10 TDI (2a1);
SDR 11 TDI (028);
SIR 10 TDI (28c);
STATE IDLE;
RUNTEST 20001E-6 SEC;
SIR 10 TDI (290);
SDR 326 TDI (3ff3e01e0403f0fc380fc5ffa008fa05ffa3e8fa0000001afec6000018003f00f9d0ff82efffffffff)
	TDO (3ff3e01e0403f0fc380fc5ffa008fa05ffa3e8fa0000001afec6000018003f00f9d0ff82efffffffff)
	MASK (3fffffffffffffffffffffffffffffffffffffffffffffffffffffffffffffffffffffffffffffffff);
SIR 10 TDI (2a1);
SDR 11 TDI (029);
SIR 10 TDI (28c);
STATE IDLE;
RUNTEST 20001E-6 SEC;
SIR 10 TDI (290);
SDR 326 TDI (3ff3e01e0403f0fc380fc5ffa008fa05ffa3e8fa0000001affc6000018003f00fbf0ff83ffffffffff)
	TDO (3ff3e01e0403f0fc380fc5ffa008fa05ffa3e8fa0000001affc6000018003f00fbf0ff83ffffffffff)
	MASK (3fffffffffffffffffffffffffffffffffffffffffffffffffffffffffffffffffffffffffffffffff);
SIR 10 TDI (2a1);
SDR 11 TDI (02a);
SIR 10 TDI (28c);
STATE IDLE;
RUNTEST 20001E-6 SEC;
SIR 10 TDI (290);
SDR 326 TDI (2740a0020402b07c0808c5ffa008f2055fa228720000001af384000018003f00c3f0fc03ffffffffff)
	TDO (2740a0020402b07c0808c5ffa008f2055fa228720000001af384000018003f00c3f0fc03ffffffffff)
	MASK (3fffffffffffffffffffffffffffffffffffffffffffffffffffffffffffffffffffffffffffffffff);
SIR 10 TDI (2a1);
SDR 11 TDI (02b);
SIR 10 TDI (28c);
STATE IDLE;
RUNTEST 20001E-6 SEC;
SIR 10 TDI (290);
SDR 326 TDI (1db3c01c0401e0cc380f853fa008fa04bfa1c88a0000001aff46000018003f00fbf0ff83ffffffffff)
	TDO (1db3c01c0401e0cc380f853fa008fa04bfa1c88a0000001aff46000018003f00fbf0ff83ffffffffff)
	MASK (3fffffffffffffffffffffffffffffffffffffffffffffffffffffffffffffffffffffffffffffffff);
SIR 10 TDI (2a1);
SDR 11 TDI (02c);
SIR 10 TDI (28c);
STATE IDLE;
RUNTEST 20001E-6 SEC;
SIR 10 TDI (290);
SDR 326 TDI (3ff3e01e0403f0fc300fc5ffa008ca05f7a268fa0000001aff86000018003700f05037000fffffffff)
	TDO (3ff3e01e0403f0fc300fc5ffa008ca05f7a268fa0000001aff86000018003700f05037000fffffffff)
	MASK (3fffffffffffffffffffffffffffffffffffffffffffffffffffffffffffffffffffffffffffffffff);
SIR 10 TDI (2a1);
SDR 11 TDI (02d);
SIR 10 TDI (28c);
STATE IDLE;
RUNTEST 20001E-6 SEC;
SIR 10 TDI (290);
SDR 326 TDI (3ff3e01e0403f0e0380fc5ffa008fa05ff21c8fa0000001affc6000018003f000bb0cc83ffffffefff)
	TDO (3ff3e01e0403f0e0380fc5ffa008fa05ff21c8fa0000001affc6000018003f000bb0cc83ffffffefff)
	MASK (3fffffffffffffffffffffffffffffffffffffffffffffffffffffffffffffffffffffffffffffffff);
SIR 10 TDI (2a1);
SDR 11 TDI (02e);
SIR 10 TDI (28c);
STATE IDLE;
RUNTEST 20001E-6 SEC;
SIR 10 TDI (290);
SDR 326 TDI (3ff3e01e0403f0fc380fc5ffa008fa05ffa3e8fa0000001aff86000018003f00fbf0ff83ffffffffff)
	TDO (3ff3e01e0403f0fc380fc5ffa008fa05ffa3e8fa0000001aff86000018003f00fbf0ff83ffffffffff)
	MASK (3fffffffffffffffffffffffffffffffffffffffffffffffffffffffffffffffffffffffffffffffff);
SIR 10 TDI (2a1);
SDR 11 TDI (02f);
SIR 10 TDI (28c);
STATE IDLE;
RUNTEST 20001E-6 SEC;
SIR 10 TDI (290);
SDR 326 TDI (3ff3e01e0403f0fc380fc56fa008fa05ffa3e8fa0000001affc6000018003f00fbf0ff83ffffffffff)
	TDO (3ff3e01e0403f0fc380fc56fa008fa05ffa3e8fa0000001affc6000018003f00fbf0ff83ffffffffff)
	MASK (3fffffffffffffffffffffffffffffffffffffffffffffffffffffffffffffffffffffffffffffffff);
SIR 10 TDI (2a1);
SDR 11 TDI (030);
SIR 10 TDI (28c);
STATE IDLE;
RUNTEST 20001E-6 SEC;
SIR 10 TDI (290);
SDR 326 TDI (3ff3e01e0403f0fc380fc5ffa008fa05ffa3e8fa0000001af7c6000018003e00bbb0ff83deffff17ff)
	TDO (3ff3e01e0403f0fc380fc5ffa008fa05ffa3e8fa0000001af7c6000018003e00bbb0ff83deffff17ff)
	MASK (3fffffffffffffffffffffffffffffffffffffffffffffffffffffffffffffffffffffffffffffffff);
SIR 10 TDI (2a1);
SDR 11 TDI (031);
SIR 10 TDI (28c);
STATE IDLE;
RUNTEST 20001E-6 SEC;
SIR 10 TDI (290);
SDR 326 TDI (3ff3e01e0403f0b8380fc5ffa008fa05ffa3e8fa0000001afa06000018003700585035822ffdefeebf)
	TDO (3ff3e01e0403f0b8380fc5ffa008fa05ffa3e8fa0000001afa06000018003700585035822ffdefeebf)
	MASK (3fffffffffffffffffffffffffffffffffffffffffffffffffffffffffffffffffffffffffffffffff);
SIR 10 TDI (2a1);
SDR 11 TDI (032);
SIR 10 TDI (28c);
STATE IDLE;
RUNTEST 20001E-6 SEC;
SIR 10 TDI (290);
SDR 326 TDI (3ff1e01e0403f0fc380fc5ffa0085a05ffa0e8b20000001affc6000018003f00f9b023829eeb7adf3f)
	TDO (3ff1e01e0403f0fc380fc5ffa0085a05ffa0e8b20000001affc6000018003f00f9b023829eeb7adf3f)
	MASK (3fffffffffffffffffffffffffffffffffffffffffffffffffffffffffffffffffffffffffffffffff);
SIR 10 TDI (2a1);
SDR 11 TDI (033);
SIR 10 TDI (28c);
STATE IDLE;
RUNTEST 20001E-6 SEC;
SIR 10 TDI (290);
SDR 326 TDI (3ff3e0160403f0fc380fc5ffa008a205ffa3084a0000001affc6000018003700fa40df836fbfbfafff)
	TDO (3ff3e0160403f0fc380fc5ffa008a205ffa3084a0000001affc6000018003700fa40df836fbfbfafff)
	MASK (3fffffffffffffffffffffffffffffffffffffffffffffffffffffffffffffffffffffffffffffffff);
SIR 10 TDI (2a1);
SDR 11 TDI (034);
SIR 10 TDI (28c);
STATE IDLE;
RUNTEST 20001E-6 SEC;
SIR 10 TDI (290);
SDR 326 TDI (2ff3c0120403f0e4180bc5ff8008ca05ffa048fa0000001afec6000018003f00f9d0ff82efffffffff)
	TDO (2ff3c0120403f0e4180bc5ff8008ca05ffa048fa0000001afec6000018003f00f9d0ff82efffffffff)
	MASK (3fffffffffffffffffffffffffffffffffffffffffffffffffffffffffffffffffffffffffffffffff);
SIR 10 TDI (2a1);
SDR 11 TDI (035);
SIR 10 TDI (28c);
STATE IDLE;
RUNTEST 20001E-6 SEC;
SIR 10 TDI (290);
SDR 326 TDI (1510a01c0400a07c280c05ffa008fa05ffa3e8fa0000001affc6000018003f00fbf0ff83ffffffffff)
	TDO (1510a01c0400a07c280c05ffa008fa05ffa3e8fa0000001affc6000018003f00fbf0ff83ffffffffff)
	MASK (3fffffffffffffffffffffffffffffffffffffffffffffffffffffffffffffffffffffffffffffffff);
SIR 10 TDI (2a1);
SDR 11 TDI (036);
SIR 10 TDI (28c);
STATE IDLE;
RUNTEST 20001E-6 SEC;
SIR 10 TDI (290);
SDR 326 TDI (27f3e01e0402f0fc380dc5ffa0083205ffa3e8fa0000001af6c4000018003f0039108f80cfffffefff)
	TDO (27f3e01e0402f0fc380dc5ffa0083205ffa3e8fa0000001af6c4000018003f0039108f80cfffffefff)
	MASK (3fffffffffffffffffffffffffffffffffffffffffffffffffffffffffffffffffffffffffffffffff);
SIR 10 TDI (2a1);
SDR 11 TDI (037);
SIR 10 TDI (28c);
STATE IDLE;
RUNTEST 20001E-6 SEC;
SIR 10 TDI (290);
SDR 326 TDI (3ff3e01e0403f0fc380fc5ffa008fa05ffa3e8fa0000001affc6000018003f00faf07f833fffffffff)
	TDO (3ff3e01e0403f0fc380fc5ffa008fa05ffa3e8fa0000001affc6000018003f00faf07f833fffffffff)
	MASK (3fffffffffffffffffffffffffffffffffffffffffffffffffffffffffffffffffffffffffffffffff);
SIR 10 TDI (2a1);
SDR 11 TDI (038);
SIR 10 TDI (28c);
STATE IDLE;
RUNTEST 20001E-6 SEC;
SIR 10 TDI (290);
SDR 326 TDI (3ff3e01e0403f0fc380fc5ffa008fa05ffa3e8fa0000001a7fc6000018003f00fbf0ff83ffffffffff)
	TDO (3ff3e01e0403f0fc380fc5ffa008fa05ffa3e8fa0000001a7fc6000018003f00fbf0ff83ffffffffff)
	MASK (3fffffffffffffffffffffffffffffffffffffffffffffffffffffffffffffffffffffffffffffffff);
SIR 10 TDI (2a1);
SDR 11 TDI (039);
SIR 10 TDI (28c);
STATE IDLE;
RUNTEST 20001E-6 SEC;
SIR 10 TDI (290);
SDR 326 TDI (3ff3e01e0403f0fc380fc5ffa008fa05ffa3e8fa0000001affc6000018003f00fbf0ff83ffffffffff)
	TDO (3ff3e01e0403f0fc380fc5ffa008fa05ffa3e8fa0000001affc6000018003f00fbf0ff83ffffffffff)
	MASK (3fffffffffffffffffffffffffffffffffffffffffffffffffffffffffffffffffffffffffffffffff);
SIR 10 TDI (2a1);
SDR 11 TDI (03a);
SIR 10 TDI (28c);
STATE IDLE;
RUNTEST 20001E-6 SEC;
SIR 10 TDI (290);
SDR 326 TDI (3ff3601e0403f0fc380fc5ffa008fa05ffa3e8fa0000001affc6000018003f00fbf0ff83ffffffffff)
	TDO (3ff3601e0403f0fc380fc5ffa008fa05ffa3e8fa0000001affc6000018003f00fbf0ff83ffffffffff)
	MASK (3fffffffffffffffffffffffffffffffffffffffffffffffffffffffffffffffffffffffffffffffff);
SIR 10 TDI (2a1);
SDR 11 TDI (03b);
SIR 10 TDI (28c);
STATE IDLE;
RUNTEST 20001E-6 SEC;
SIR 10 TDI (290);
SDR 326 TDI (3f33a01e0401f07c380e05ffa008fa05ffa3e8fa0000001affc6000018003f00fbf0ff83fffd1fffff)
	TDO (3f33a01e0401f07c380e05ffa008fa05ffa3e8fa0000001affc6000018003f00fbf0ff83fffd1fffff)
	MASK (3fffffffffffffffffffffffffffffffffffffffffffffffffffffffffffffffffffffffffffffffff);
SIR 10 TDI (2a1);
SDR 11 TDI (03c);
SIR 10 TDI (28c);
STATE IDLE;
RUNTEST 20001E-6 SEC;
SIR 10 TDI (290);
SDR 326 TDI (3ff3e01e0403f0fc380fc5ffa008a205ffa3084a0000001affc6000018003700fa50db836fd775ccff)
	TDO (3ff3e01e0403f0fc380fc5ffa008a205ffa3084a0000001affc6000018003700fa50db836fd775ccff)
	MASK (3fffffffffffffffffffffffffffffffffffffffffffffffffffffffffffffffffffffffffffffffff);
SIR 10 TDI (2a1);
SDR 11 TDI (03d);
SIR 10 TDI (28c);
STATE IDLE;
RUNTEST 20001E-6 SEC;
SIR 10 TDI (290);
SDR 326 TDI (3ff3e01e0403f0fc380fc5ffa0085a05ffa0e8b20000001affc6000018003f00f9a027829ebfbfbfff)
	TDO (3ff3e01e0403f0fc380fc5ffa0085a05ffa0e8b20000001affc6000018003f00f9a027829ebfbfbfff)
	MASK (3fffffffffffffffffffffffffffffffffffffffffffffffffffffffffffffffffffffffffffffffff);
SIR 10 TDI (2a1);
SDR 11 TDI (03e);
SIR 10 TDI (28c);
STATE IDLE;
RUNTEST 20001E-6 SEC;
SIR 10 TDI (290);
SDR 326 TDI (3ff3e01e0403f0fc380fc5ffa008fa05ffa3e8fa0000000affc6000018003f00fbf0ff83ffffffffff)
	TDO (3ff3e01e0403f0fc380fc5ffa008fa05ffa3e8fa0000000affc6000018003f00fbf0ff83ffffffffff)
	MASK (3fffffffffffffffffffffffffffffffffffffffffffffffffffffffffffffffffffffffffffffffff);
SIR 10 TDI (2a1);
SDR 11 TDI (03f);
SIR 10 TDI (28c);
STATE IDLE;
RUNTEST 20001E-6 SEC;
SIR 10 TDI (290);
SDR 326 TDI (3ff3e01e0403f0d8380fc5ffa008fa05ffa3e8fa0000001affc2000000003f00fbf0ff83ffffffffff)
	TDO (3ff3e01e0403f0d8380fc5ffa008fa05ffa3e8fa0000001affc2000000003f00fbf0ff83ffffffffff)
	MASK (3fffffffffffffffffffffffffffffffffffffffffffffffffffffffffffffffffffffffffffffffff);
SIR 10 TDI (2a1);
SDR 11 TDI (040);
SIR 10 TDI (28c);
STATE IDLE;
RUNTEST 20001E-6 SEC;
SIR 10 TDI (290);
SDR 326 TDI (3ff3e01e0403f0fc380fc5ffa0083204ffa3a8da0000001affc6000018003f00fbf0ff83ffffffffff)
	TDO (3ff3e01e0403f0fc380fc5ffa0083204ffa3a8da0000001affc6000018003f00fbf0ff83ffffffffff)
	MASK (3fffffffffffffffffffffffffffffffffffffffffffffffffffffffffffffffffffffffffffffffff);
SIR 10 TDI (2a1);
SDR 11 TDI (041);
SIR 10 TDI (28c);
STATE IDLE;
RUNTEST 20001E-6 SEC;
SIR 10 TDI (290);
SDR 326 TDI (3ff3e01e0403f0fc380fc5dfa008ca05afa048720000001affc6000018003f00fbf0ff83ffffffffff)
	TDO (3ff3e01e0403f0fc380fc5dfa008ca05afa048720000001affc6000018003f00fbf0ff83ffffffffff)
	MASK (3fffffffffffffffffffffffffffffffffffffffffffffffffffffffffffffffffffffffffffffffff);
SIR 10 TDI (2a1);
SDR 11 TDI (042);
SIR 10 TDI (28c);
STATE IDLE;
RUNTEST 20001E-6 SEC;
SIR 10 TDI (290);
SDR 326 TDI (3ff3e01e0403f0fc380fc5ffa008fa05ffa3e8fa0000001aff86000018003f00fbf0ff83ffffffffff)
	TDO (3ff3e01e0403f0fc380fc5ffa008fa05ffa3e8fa0000001aff86000018003f00fbf0ff83ffffffffff)
	MASK (3fffffffffffffffffffffffffffffffffffffffffffffffffffffffffffffffffffffffffffffffff);
SIR 10 TDI (2a1);
SDR 11 TDI (043);
SIR 10 TDI (28c);
STATE IDLE;
RUNTEST 20001E-6 SEC;
SIR 10 TDI (290);
SDR 326 TDI (3ff3e01e0403f0fc380fc5ffa008fa05ffa3e8fa0000001affc6000018003f00fbf0ff83ffffffffff)
	TDO (3ff3e01e0403f0fc380fc5ffa008fa05ffa3e8fa0000001affc6000018003f00fbf0ff83ffffffffff)
	MASK (3fffffffffffffffffffffffffffffffffffffffffffffffffffffffffffffffffffffffffffffffff);
SIR 10 TDI (2a1);
SDR 11 TDI (044);
SIR 10 TDI (28c);
STATE IDLE;
RUNTEST 20001E-6 SEC;
SIR 10 TDI (290);
SDR 326 TDI (3f73a00c0403f05c380f457fa0080a05bfa268220000001afac4000018003f00f0503f020dc3f0f43f)
	TDO (3f73a00c0403f05c380f457fa0080a05bfa268220000001afac4000018003f00f0503f020dc3f0f43f)
	MASK (3fffffffffffffffffffffffffffffffffffffffffffffffffffffffffffffffffffffffffffffffff);
SIR 10 TDI (2a1);
SDR 11 TDI (045);
SIR 10 TDI (28c);
STATE IDLE;
RUNTEST 20001E-6 SEC;
SIR 10 TDI (290);
SDR 326 TDI (3d90e0120401a0e40803859fa008f2047fa3a8fa0000001aff460000180037005bb0c583feffffebff)
	TDO (3d90e0120401a0e40803859fa008f2047fa3a8fa0000001aff460000180037005bb0c583feffffebff)
	MASK (3fffffffffffffffffffffffffffffffffffffffffffffffffffffffffffffffffffffffffffffffff);
SIR 10 TDI (2a1);
SDR 11 TDI (046);
SIR 10 TDI (28c);
STATE IDLE;
RUNTEST 20001E-6 SEC;
SIR 10 TDI (290);
SDR 326 TDI (3ff3e01e0403f0fc380fc5ffa008ca01fda048fa0000001afec6000018003f00fbf0ff83fbffffffff)
	TDO (3ff3e01e0403f0fc380fc5ffa008ca01fda048fa0000001afec6000018003f00fbf0ff83fbffffffff)
	MASK (3fffffffffffffffffffffffffffffffffffffffffffffffffffffffffffffffffffffffffffffffff);
SIR 10 TDI (2a1);
SDR 11 TDI (047);
SIR 10 TDI (28c);
STATE IDLE;
RUNTEST 20001E-6 SEC;
SIR 10 TDI (290);
SDR 326 TDI (3ff3e01e0403f0fc380fc58fa008fa05fba3e8fa0000001af7c4000018003f00fbf0ff83ffffffffff)
	TDO (3ff3e01e0403f0fc380fc58fa008fa05fba3e8fa0000001af7c4000018003f00fbf0ff83ffffffffff)
	MASK (3fffffffffffffffffffffffffffffffffffffffffffffffffffffffffffffffffffffffffffffffff);
SIR 10 TDI (2a1);
SDR 11 TDI (048);
SIR 10 TDI (28c);
STATE IDLE;
RUNTEST 20001E-6 SEC;
SIR 10 TDI (290);
SDR 326 TDI (0ee3e00e0003f0bc180fc4ffa008c2058fa048220000001affc6000018003f00fbf0ff83ffffffffff)
	TDO (0ee3e00e0003f0bc180fc4ffa008c2058fa048220000001affc6000018003f00fbf0ff83ffffffffff)
	MASK (3fffffffffffffffffffffffffffffffffffffffffffffffffffffffffffffffffffffffffffffffff);
SIR 10 TDI (2a1);
SDR 11 TDI (049);
SIR 10 TDI (28c);
STATE IDLE;
RUNTEST 20001E-6 SEC;
SIR 10 TDI (290);
SDR 326 TDI (37f3e01e0400a044280fc51fa0083a05ffa3a8fa0000001aff86000018003f00fbf0ff83ffffffffff)
	TDO (37f3e01e0400a044280fc51fa0083a05ffa3a8fa0000001aff86000018003f00fbf0ff83ffffffffff)
	MASK (3fffffffffffffffffffffffffffffffffffffffffffffffffffffffffffffffffffffffffffffffff);
SIR 10 TDI (2a1);
SDR 11 TDI (04a);
SIR 10 TDI (28c);
STATE IDLE;
RUNTEST 20001E-6 SEC;
SIR 10 TDI (290);
SDR 326 TDI (3ff3e01e0403f0fc380fc5ff2008c805ffa048fa0000001afec6000018003f00f9d0ff82efffffffff)
	TDO (3ff3e01e0403f0fc380fc5ff2008c805ffa048fa0000001afec6000018003f00f9d0ff82efffffffff)
	MASK (3fffffffffffffffffffffffffffffffffffffffffffffffffffffffffffffffffffffffffffffffff);
SIR 10 TDI (2a1);
SDR 11 TDI (04b);
SIR 10 TDI (28c);
STATE IDLE;
RUNTEST 20001E-6 SEC;
SIR 10 TDI (290);
SDR 326 TDI (3ff3e01e0403f0fc380fc5ffa008fa05fea3e8fa0000001affc6000018003f00fbf0ff83ffffffffff)
	TDO (3ff3e01e0403f0fc380fc5ffa008fa05fea3e8fa0000001affc6000018003f00fbf0ff83ffffffffff)
	MASK (3fffffffffffffffffffffffffffffffffffffffffffffffffffffffffffffffffffffffffffffffff);
SIR 10 TDI (2a1);
SDR 11 TDI (04c);
SIR 10 TDI (28c);
STATE IDLE;
RUNTEST 20001E-6 SEC;
SIR 10 TDI (290);
SDR 326 TDI (3ff3e01e0403f0fc380fc5fba000fa05ffa1c8fa0000001af806000018003f00fbf0ff83ffffffffff)
	TDO (3ff3e01e0403f0fc380fc5fba000fa05ffa1c8fa0000001af806000018003f00fbf0ff83ffffffffff)
	MASK (3fffffffffffffffffffffffffffffffffffffffffffffffffffffffffffffffffffffffffffffffff);
SIR 10 TDI (2a1);
SDR 11 TDI (04d);
SIR 10 TDI (28c);
STATE IDLE;
RUNTEST 20001E-6 SEC;
SIR 10 TDI (290);
SDR 326 TDI (3ff3e01e0403f0fc380fc5f7a008ca05ffa268fa0000001affc6000018003f00fbf0ff83ffffffffff)
	TDO (3ff3e01e0403f0fc380fc5f7a008ca05ffa268fa0000001affc6000018003f00fbf0ff83ffffffffff)
	MASK (3fffffffffffffffffffffffffffffffffffffffffffffffffffffffffffffffffffffffffffffffff);
SIR 10 TDI (2a1);
SDR 11 TDI (04e);
SIR 10 TDI (28c);
STATE IDLE;
RUNTEST 20001E-6 SEC;
SIR 10 TDI (290);
SDR 326 TDI (3ff3e01e0403f0fc380fc5ffa008fa05ff23e8fa0000001affc2000010003f00fbf0ff83ffffffffff)
	TDO (3ff3e01e0403f0fc380fc5ffa008fa05ff23e8fa0000001affc2000010003f00fbf0ff83ffffffffff)
	MASK (3fffffffffffffffffffffffffffffffffffffffffffffffffffffffffffffffffffffffffffffffff);
SIR 10 TDI (2a1);
SDR 11 TDI (04f);
SIR 10 TDI (28c);
STATE IDLE;
RUNTEST 20001E-6 SEC;
SIR 10 TDI (290);
SDR 326 TDI (3ff3e01e0403f0fc380fc5ffa008fa05f7a3e8fa0000001affc6000008003f00fbf0ff83ffffffffff)
	TDO (3ff3e01e0403f0fc380fc5ffa008fa05f7a3e8fa0000001affc6000008003f00fbf0ff83ffffffffff)
	MASK (3fffffffffffffffffffffffffffffffffffffffffffffffffffffffffffffffffffffffffffffffff);
SIR 10 TDI (2a1);
SDR 11 TDI (050);
SIR 10 TDI (28c);
STATE IDLE;
RUNTEST 20001E-6 SEC;
SIR 10 TDI (290);
SDR 326 TDI (3ff3e01e0403f0fc380fc5f7a008fa05ffa3e8fa0000001afec6000018003f00f9d0ff82efffffffff)
	TDO (3ff3e01e0403f0fc380fc5f7a008fa05ffa3e8fa0000001afec6000018003f00f9d0ff82efffffffff)
	MASK (3fffffffffffffffffffffffffffffffffffffffffffffffffffffffffffffffffffffffffffffffff);
SIR 10 TDI (2a1);
SDR 11 TDI (051);
SIR 10 TDI (28c);
STATE IDLE;
RUNTEST 20001E-6 SEC;
SIR 10 TDI (290);
SDR 326 TDI (3ff3e01e0403f0fc380fc5fba008fa05ffa3e8fa0000001affc6000018003f00fbf0ff83ffffffffff)
	TDO (3ff3e01e0403f0fc380fc5fba008fa05ffa3e8fa0000001affc6000018003f00fbf0ff83ffffffffff)
	MASK (3fffffffffffffffffffffffffffffffffffffffffffffffffffffffffffffffffffffffffffffffff);
SIR 10 TDI (2a1);
SDR 11 TDI (052);
SIR 10 TDI (28c);
STATE IDLE;
RUNTEST 20001E-6 SEC;
SIR 10 TDI (290);
SDR 326 TDI (26c3e00e0402b0fc280cc5ffa00802054fa008720000001af6c6000018001f00fbf0ff83ffffffffff)
	TDO (26c3e00e0402b0fc280cc5ffa00802054fa008720000001af6c6000018001f00fbf0ff83ffffffffff)
	MASK (3fffffffffffffffffffffffffffffffffffffffffffffffffffffffffffffffffffffffffffffffff);
SIR 10 TDI (2a1);
SDR 11 TDI (053);
SIR 10 TDI (28c);
STATE IDLE;
RUNTEST 20001E-6 SEC;
SIR 10 TDI (290);
SDR 326 TDI (3ff3e01e0403f0fc180345ffa008fa04ffa3e8fa0000001affc6000018003f00fbf0ff83ffffffffff)
	TDO (3ff3e01e0403f0fc180345ffa008fa04ffa3e8fa0000001affc6000018003f00fbf0ff83ffffffffff)
	MASK (3fffffffffffffffffffffffffffffffffffffffffffffffffffffffffffffffffffffffffffffffff);
SIR 10 TDI (2a1);
SDR 11 TDI (054);
SIR 10 TDI (28c);
STATE IDLE;
RUNTEST 20001E-6 SEC;
SIR 10 TDI (290);
SDR 326 TDI (3ff3e01e0403f0fc380fc5ffa008fa05ffa3e8fa0000001aff86000018003b00fbf0ff83fdfeffffff)
	TDO (3ff3e01e0403f0fc380fc5ffa008fa05ffa3e8fa0000001aff86000018003b00fbf0ff83fdfeffffff)
	MASK (3fffffffffffffffffffffffffffffffffffffffffffffffffffffffffffffffffffffffffffffffff);
SIR 10 TDI (2a1);
SDR 11 TDI (055);
SIR 10 TDI (28c);
STATE IDLE;
RUNTEST 20001E-6 SEC;
SIR 10 TDI (290);
SDR 326 TDI (3e03e01e040220fc380805ffa0080a040fa1c88a0000001affc6000018003700b9c0f383feffef07ff)
	TDO (3e03e01e040220fc380805ffa0080a040fa1c88a0000001affc6000018003700b9c0f383feffef07ff)
	MASK (3fffffffffffffffffffffffffffffffffffffffffffffffffffffffffffffffffffffffffffffffff);
SIR 10 TDI (2a1);
SDR 11 TDI (056);
SIR 10 TDI (28c);
STATE IDLE;
RUNTEST 20001E-6 SEC;
SIR 10 TDI (290);
SDR 326 TDI (3ff3e01e0403f0fc380fc5ffa008ca05ff8048fa0000001aff86000018003a005a300d831fffcfefff)
	TDO (3ff3e01e0403f0fc380fc5ffa008ca05ff8048fa0000001aff86000018003a005a300d831fffcfefff)
	MASK (3fffffffffffffffffffffffffffffffffffffffffffffffffffffffffffffffffffffffffffffffff);
SIR 10 TDI (2a1);
SDR 11 TDI (057);
SIR 10 TDI (28c);
STATE IDLE;
RUNTEST 20001E-6 SEC;
SIR 10 TDI (290);
SDR 326 TDI (3ff3e01e0403f0fc380fc5ffa008fa05ffa3e8fa0000001affc6000018003700e9d0f683fec3f0f97f)
	TDO (3ff3e01e0403f0fc380fc5ffa008fa05ffa3e8fa0000001affc6000018003700e9d0f683fec3f0f97f)
	MASK (3fffffffffffffffffffffffffffffffffffffffffffffffffffffffffffffffffffffffffffffffff);
SIR 10 TDI (2a1);
SDR 11 TDI (058);
SIR 10 TDI (28c);
STATE IDLE;
RUNTEST 20001E-6 SEC;
SIR 10 TDI (290);
SDR 326 TDI (3ff3e01e0403f0fc380fc59fa008f205ffa3e8720000001afec6000018003f00f9d0ff82efffffffff)
	TDO (3ff3e01e0403f0fc380fc59fa008f205ffa3e8720000001afec6000018003f00f9d0ff82efffffffff)
	MASK (3fffffffffffffffffffffffffffffffffffffffffffffffffffffffffffffffffffffffffffffffff);
SIR 10 TDI (2a1);
SDR 11 TDI (059);
SIR 10 TDI (28c);
STATE IDLE;
RUNTEST 20001E-6 SEC;
SIR 10 TDI (290);
SDR 326 TDI (3ff3e01e0403f0fc380fc5ffa0080a043fa1888a0000001affc6000018003f00fbf0ff83ffffffffff)
	TDO (3ff3e01e0403f0fc380fc5ffa0080a043fa1888a0000001affc6000018003f00fbf0ff83ffffffffff)
	MASK (3fffffffffffffffffffffffffffffffffffffffffffffffffffffffffffffffffffffffffffffffff);
SIR 10 TDI (2a1);
SDR 11 TDI (05a);
SIR 10 TDI (28c);
STATE IDLE;
RUNTEST 20001E-6 SEC;
SIR 10 TDI (290);
SDR 326 TDI (3ff3e01e0403f0fc380fc1ffa008fa05ffa3e8fa0000001aff86000018003f00b9d0ff82cfffffffff)
	TDO (3ff3e01e0403f0fc380fc1ffa008fa05ffa3e8fa0000001aff86000018003f00b9d0ff82cfffffffff)
	MASK (3fffffffffffffffffffffffffffffffffffffffffffffffffffffffffffffffffffffffffffffffff);
SIR 10 TDI (2a1);
SDR 11 TDI (05b);
SIR 10 TDI (28c);
STATE IDLE;
RUNTEST 20001E-6 SEC;
SIR 10 TDI (290);
SDR 326 TDI (3ff0c0100403f0fc380fc5ffa008fa05ffa3e8fa0000001affc6000018003f00fbf0ff83ffffffffff)
	TDO (3ff0c0100403f0fc380fc5ffa008fa05ffa3e8fa0000001affc6000018003f00fbf0ff83ffffffffff)
	MASK (3fffffffffffffffffffffffffffffffffffffffffffffffffffffffffffffffffffffffffffffffff);
SIR 10 TDI (2a1);
SDR 11 TDI (05c);
SIR 10 TDI (28c);
STATE IDLE;
RUNTEST 20001E-6 SEC;
SIR 10 TDI (290);
SDR 326 TDI (27f3e01e0402e0fc380dc5ffa008ca05ffa048f80000001aff86000018003f00fbf0ff83f7ffffffff)
	TDO (27f3e01e0402e0fc380dc5ffa008ca05ffa048f80000001aff86000018003f00fbf0ff83f7ffffffff)
	MASK (3fffffffffffffffffffffffffffffffffffffffffffffffffffffffffffffffffffffffffffffffff);
SIR 10 TDI (2a1);
SDR 11 TDI (05d);
SIR 10 TDI (28c);
STATE IDLE;
RUNTEST 20001E-6 SEC;
SIR 10 TDI (290);
SDR 326 TDI (1e3020020403f074180a05ffa008fa05ffa3e8fa0000001aefc6000018003f00fbf0ff83ffffffffff)
	TDO (1e3020020403f074180a05ffa008fa05ffa3e8fa0000001aefc6000018003f00fbf0ff83ffffffffff)
	MASK (3fffffffffffffffffffffffffffffffffffffffffffffffffffffffffffffffffffffffffffffffff);
SIR 10 TDI (2a1);
SDR 11 TDI (05e);
SIR 10 TDI (28c);
STATE IDLE;
RUNTEST 20001E-6 SEC;
SIR 10 TDI (290);
SDR 326 TDI (3ff3e01e0003f0fc380fc5ffa008fa05ffa3e8fa0000001affc2000010003f00fbf0cf83ffffffffff)
	TDO (3ff3e01e0003f0fc380fc5ffa008fa05ffa3e8fa0000001affc2000010003f00fbf0cf83ffffffffff)
	MASK (3fffffffffffffffffffffffffffffffffffffffffffffffffffffffffffffffffffffffffffffffff);
SIR 10 TDI (2a1);
SDR 11 TDI (05f);
SIR 10 TDI (28c);
STATE IDLE;
RUNTEST 20001E-6 SEC;
SIR 10 TDI (290);
SDR 326 TDI (3ff3e01e0403f0fc380fc5ffa008fa05ffa3e8fa0000001affc6000018003f007bf0ff83ffffffefff)
	TDO (3ff3e01e0403f0fc380fc5ffa008fa05ffa3e8fa0000001affc6000018003f007bf0ff83ffffffefff)
	MASK (3fffffffffffffffffffffffffffffffffffffffffffffffffffffffffffffffffffffffffffffffff);
SIR 10 TDI (2a1);
SDR 11 TDI (060);
SIR 10 TDI (28c);
STATE IDLE;
RUNTEST 20001E-6 SEC;
SIR 10 TDI (290);
SDR 326 TDI (3ff3e01e0403f0fc380fc5ffa008fa05fea3e8fa0000001abfc6000018003f00fbf0ff83ff7fffffff)
	TDO (3ff3e01e0403f0fc380fc5ffa008fa05fea3e8fa0000001abfc6000018003f00fbf0ff83ff7fffffff)
	MASK (3fffffffffffffffffffffffffffffffffffffffffffffffffffffffffffffffffffffffffffffffff);
SIR 10 TDI (2a1);
SDR 11 TDI (061);
SIR 10 TDI (28c);
STATE IDLE;
RUNTEST 20001E-6 SEC;
SIR 10 TDI (290);
SDR 326 TDI (3ff3e01e0403f0fc380fc5ff2008fa05ffa3e8fa0000001affc6000018003f00fbf0ff83ffffffffff)
	TDO (3ff3e01e0403f0fc380fc5ff2008fa05ffa3e8fa0000001affc6000018003f00fbf0ff83ffffffffff)
	MASK (3fffffffffffffffffffffffffffffffffffffffffffffffffffffffffffffffffffffffffffffffff);
SIR 10 TDI (2a1);
SDR 11 TDI (062);
SIR 10 TDI (28c);
STATE IDLE;
RUNTEST 20001E-6 SEC;
SIR 10 TDI (290);
SDR 326 TDI (3ff3e01e0403f0fc380fc5ffa008fa05fba3e8fa0000001affc6000018003f00fbf0ff83ffffffffff)
	TDO (3ff3e01e0403f0fc380fc5ffa008fa05fba3e8fa0000001affc6000018003f00fbf0ff83ffffffffff)
	MASK (3fffffffffffffffffffffffffffffffffffffffffffffffffffffffffffffffffffffffffffffffff);
SIR 10 TDI (2a1);
SDR 11 TDI (063);
SIR 10 TDI (28c);
STATE IDLE;
RUNTEST 20001E-6 SEC;
SIR 10 TDI (290);
SDR 326 TDI (3ff3e01e0403f0fc380fc5ffa008fa05fda3e8fa0000000affc6000018003f00fbf0ff83ffffffffff)
	TDO (3ff3e01e0403f0fc380fc5ffa008fa05fda3e8fa0000000affc6000018003f00fbf0ff83ffffffffff)
	MASK (3fffffffffffffffffffffffffffffffffffffffffffffffffffffffffffffffffffffffffffffffff);
SIR 10 TDI (2a1);
SDR 11 TDI (064);
SIR 10 TDI (28c);
STATE IDLE;
RUNTEST 20001E-6 SEC;
SIR 10 TDI (290);
SDR 326 TDI (3ff3e01e0403f0fc380fc5ffa008fa05ffa3e8fa0000001affc6000018003f00fbf0ff83ffffffffff)
	TDO (3ff3e01e0403f0fc380fc5ffa008fa05ffa3e8fa0000001affc6000018003f00fbf0ff83ffffffffff)
	MASK (3fffffffffffffffffffffffffffffffffffffffffffffffffffffffffffffffffffffffffffffffff);
SIR 10 TDI (2a1);
SDR 11 TDI (065);
SIR 10 TDI (28c);
STATE IDLE;
RUNTEST 20001E-6 SEC;
SIR 10 TDI (290);
SDR 326 TDI (3ff3e01e0403f0fc380fc5ffa008fa05ffa3e8fa0000001affc6000018003f00fbf0ff83ffffffffff)
	TDO (3ff3e01e0403f0fc380fc5ffa008fa05ffa3e8fa0000001affc6000018003f00fbf0ff83ffffffffff)
	MASK (3fffffffffffffffffffffffffffffffffffffffffffffffffffffffffffffffffffffffffffffffff);
SIR 10 TDI (2a1);
SDR 11 TDI (066);
SIR 10 TDI (28c);
STATE IDLE;
RUNTEST 20001E-6 SEC;
SIR 10 TDI (290);
SDR 326 TDI (3ff3e01e0403f0fc380fc5ffa008fa05ffa3e8fa0000001affc6000018003f00fbf0ff83ffffffffff)
	TDO (3ff3e01e0403f0fc380fc5ffa008fa05ffa3e8fa0000001affc6000018003f00fbf0ff83ffffffffff)
	MASK (3fffffffffffffffffffffffffffffffffffffffffffffffffffffffffffffffffffffffffffffffff);
SIR 10 TDI (2a1);
SDR 11 TDI (067);
SIR 10 TDI (28c);
STATE IDLE;
RUNTEST 20001E-6 SEC;
SIR 10 TDI (290);
SDR 326 TDI (3ff3e01e0403f0fc380fc5ffa008fa05ffa3e8fa0000001affc6000018003f00fbf0ff83ffffffffff)
	TDO (3ff3e01e0403f0fc380fc5ffa008fa05ffa3e8fa0000001affc6000018003f00fbf0ff83ffffffffff)
	MASK (3fffffffffffffffffffffffffffffffffffffffffffffffffffffffffffffffffffffffffffffffff);
SIR 10 TDI (2a1);
SDR 11 TDI (068);
SIR 10 TDI (28c);
STATE IDLE;
RUNTEST 20001E-6 SEC;
SIR 10 TDI (290);
SDR 326 TDI (3ff3e01e0403f0fc380fc5ffa008fa05ffa3e8fa0000001affc6000018003f00fbf0ff83ffffffffff)
	TDO (3ff3e01e0403f0fc380fc5ffa008fa05ffa3e8fa0000001affc6000018003f00fbf0ff83ffffffffff)
	MASK (3fffffffffffffffffffffffffffffffffffffffffffffffffffffffffffffffffffffffffffffffff);
SIR 10 TDI (2a1);
SDR 11 TDI (069);
SIR 10 TDI (28c);
STATE IDLE;
RUNTEST 20001E-6 SEC;
SIR 10 TDI (290);
SDR 326 TDI (3ff3e01e0403f0fc380fc5ffa008fa05ffa3e8fa0000001affc6000018003f00fbf0fc03ffffffffff)
	TDO (3ff3e01e0403f0fc380fc5ffa008fa05ffa3e8fa0000001affc6000018003f00fbf0fc03ffffffffff)
	MASK (3fffffffffffffffffffffffffffffffffffffffffffffffffffffffffffffffffffffffffffffffff);
SIR 10 TDI (2a1);
SDR 11 TDI (06a);
SIR 10 TDI (28c);
STATE IDLE;
RUNTEST 20001E-6 SEC;
SIR 10 TDI (290);
SDR 326 TDI (3ff3e01e0403f0fc380fc5ffa008fa05ffa3e8fa0000001affc6000018003f00fbf0ff83ffffffffff)
	TDO (3ff3e01e0403f0fc380fc5ffa008fa05ffa3e8fa0000001affc6000018003f00fbf0ff83ffffffffff)
	MASK (3fffffffffffffffffffffffffffffffffffffffffffffffffffffffffffffffffffffffffffffffff);
SIR 10 TDI (2a1);
SDR 11 TDI (06b);
SIR 10 TDI (28c);
STATE IDLE;
RUNTEST 20001E-6 SEC;
SIR 10 TDI (290);
SDR 326 TDI (3ff3e01e0403f0fc380fc5ffa008fa05ffa3e8fa0000001affc6000018003f00fbf0ff83ffffffffff)
	TDO (3ff3e01e0403f0fc380fc5ffa008fa05ffa3e8fa0000001affc6000018003f00fbf0ff83ffffffffff)
	MASK (3fffffffffffffffffffffffffffffffffffffffffffffffffffffffffffffffffffffffffffffffff);
STATE IDLE;
SIR 10 TDI (2a1);
SDR 11 TDI (080);
SIR 10 TDI (28c);
STATE IDLE;
RUNTEST 20001E-6 SEC;
SIR 10 TDI (290);
SDR 326 TDI (0601fc1d002e0bf43dfc3ffffc1f0fd780fff8fffdfffffff83e0ffc1ffffe0f7c1f1fffc07cff3fbf)
	TDO (0601fc1d002e0bf43dfc3ffffc1f0fd780fff8fffdfffffff83e0ffc1ffffe0f7c1f1fffc07cff3fbf)
	MASK (3fffffffffffffffffffffffffffffffffffffffffffffffffffffffffffffffffffffffffffffffff);
SIR 10 TDI (2a1);
SDR 11 TDI (081);
SIR 10 TDI (28c);
STATE IDLE;
RUNTEST 20001E-6 SEC;
SIR 10 TDI (290);
SDR 326 TDI (0601fc1f003e0ffc3ffc3ffffc1f0fd780fff8fffdfffffff83e0ffc1ffffe0f7c1f1fffc07cff3fbf)
	TDO (0601fc1f003e0ffc3ffc3ffffc1f0fd780fff8fffdfffffff83e0ffc1ffffe0f7c1f1fffc07cff3fbf)
	MASK (3fffffffffffffffffffffffffffffffffffffffffffffffffffffffffffffffffffffffffffffffff);
SIR 10 TDI (2a1);
SDR 11 TDI (082);
SIR 10 TDI (28c);
STATE IDLE;
RUNTEST 20001E-6 SEC;
SIR 10 TDI (290);
SDR 326 TDI (0601fc1f003e0ffc3ffc3fdbfc1f0fd780f7f8fffdfffffff83e0ffc1ffffe0ffc1f1fffc07cff3fbf)
	TDO (0601fc1f003e0ffc3ffc3fdbfc1f0fd780f7f8fffdfffffff83e0ffc1ffffe0ffc1f1fffc07cff3fbf)
	MASK (3fffffffffffffffffffffffffffffffffffffffffffffffffffffffffffffffffffffffffffffffff);
SIR 10 TDI (2a1);
SDR 11 TDI (083);
SIR 10 TDI (28c);
STATE IDLE;
RUNTEST 20001E-6 SEC;
SIR 10 TDI (290);
SDR 326 TDI (0601fc1d002e0bf43dfc3ffffc1f0fd780fff8fffdfffffff83e0ffc1ffffe0f7c1f1fffc07cff3fbf)
	TDO (0601fc1d002e0bf43dfc3ffffc1f0fd780fff8fffdfffffff83e0ffc1ffffe0f7c1f1fffc07cff3fbf)
	MASK (3fffffffffffffffffffffffffffffffffffffffffffffffffffffffffffffffffffffffffffffffff);
SIR 10 TDI (2a1);
SDR 11 TDI (084);
SIR 10 TDI (28c);
STATE IDLE;
RUNTEST 20001E-6 SEC;
SIR 10 TDI (290);
SDR 326 TDI (0601fc1f003e0ffc3ffc3ffff41d0f4780fff8fffdfffffff83e0ffc1ffffe0ffc1f1fffc07cff3fbf)
	TDO (0601fc1f003e0ffc3ffc3ffff41d0f4780fff8fffdfffffff83e0ffc1ffffe0ffc1f1fffc07cff3fbf)
	MASK (3fffffffffffffffffffffffffffffffffffffffffffffffffffffffffffffffffffffffffffffffff);
SIR 10 TDI (2a1);
SDR 11 TDI (085);
SIR 10 TDI (28c);
STATE IDLE;
RUNTEST 20001E-6 SEC;
SIR 10 TDI (290);
SDR 326 TDI (0601fc1f003e0ffc3ffc3fdbfc1f0fd780f7f8fffdfffffff83e0ffc1ffffe0ffc1f1fffc07cff3fbf)
	TDO (0601fc1f003e0ffc3ffc3fdbfc1f0fd780f7f8fffdfffffff83e0ffc1ffffe0ffc1f1fffc07cff3fbf)
	MASK (3fffffffffffffffffffffffffffffffffffffffffffffffffffffffffffffffffffffffffffffffff);
SIR 10 TDI (2a1);
SDR 11 TDI (086);
SIR 10 TDI (28c);
STATE IDLE;
RUNTEST 20001E-6 SEC;
SIR 10 TDI (290);
SDR 326 TDI (0601fc1f003e0ffc3ffc3ffff81e0fd780fff8fffdfffffff83e0ffc1ffffe0f7c1f1fffc07cff3fbf)
	TDO (0601fc1f003e0ffc3ffc3ffff81e0fd780fff8fffdfffffff83e0ffc1ffffe0f7c1f1fffc07cff3fbf)
	MASK (3fffffffffffffffffffffffffffffffffffffffffffffffffffffffffffffffffffffffffffffffff);
SIR 10 TDI (2a1);
SDR 11 TDI (087);
SIR 10 TDI (28c);
STATE IDLE;
RUNTEST 20001E-6 SEC;
SIR 10 TDI (290);
SDR 326 TDI (0601fc1f003e0ffc3ffc3fffcc130fd780fff8fffdfffffff83e0ffc1ffffe0ffc1f1fffc07cff3fbf)
	TDO (0601fc1f003e0ffc3ffc3fffcc130fd780fff8fffdfffffff83e0ffc1ffffe0ffc1f1fffc07cff3fbf)
	MASK (3fffffffffffffffffffffffffffffffffffffffffffffffffffffffffffffffffffffffffffffffff);
SIR 10 TDI (2a1);
SDR 11 TDI (088);
SIR 10 TDI (28c);
STATE IDLE;
RUNTEST 20001E-6 SEC;
SIR 10 TDI (290);
SDR 326 TDI (0601fc1f003e0ffc3ffc3ffffc1f0fd780fff8fffdfffffff83e0ffc1ffffe0ffc1f1fffc07cff3fbf)
	TDO (0601fc1f003e0ffc3ffc3ffffc1f0fd780fff8fffdfffffff83e0ffc1ffffe0ffc1f1fffc07cff3fbf)
	MASK (3fffffffffffffffffffffffffffffffffffffffffffffffffffffffffffffffffffffffffffffffff);
SIR 10 TDI (2a1);
SDR 11 TDI (089);
SIR 10 TDI (28c);
STATE IDLE;
RUNTEST 20001E-6 SEC;
SIR 10 TDI (290);
SDR 326 TDI (0601fc1f003e0ffc3ffc3ffff41d0f4780fff8fffdfffffff83e0ffc1ffffe0f7c1f1fffc07cff3fbf)
	TDO (0601fc1f003e0ffc3ffc3ffff41d0f4780fff8fffdfffffff83e0ffc1ffffe0f7c1f1fffc07cff3fbf)
	MASK (3fffffffffffffffffffffffffffffffffffffffffffffffffffffffffffffffffffffffffffffffff);
SIR 10 TDI (2a1);
SDR 11 TDI (08a);
SIR 10 TDI (28c);
STATE IDLE;
RUNTEST 20001E-6 SEC;
SIR 10 TDI (290);
SDR 326 TDI (0601fc1f003e0ffc3ffc3ffffc1f0fd780fff8fffdfffffff83e0ffc1ffffe0ffc1f1fffc07cff3fbf)
	TDO (0601fc1f003e0ffc3ffc3ffffc1f0fd780fff8fffdfffffff83e0ffc1ffffe0ffc1f1fffc07cff3fbf)
	MASK (3fffffffffffffffffffffffffffffffffffffffffffffffffffffffffffffffffffffffffffffffff);
SIR 10 TDI (2a1);
SDR 11 TDI (08b);
SIR 10 TDI (28c);
STATE IDLE;
RUNTEST 20001E-6 SEC;
SIR 10 TDI (290);
SDR 326 TDI (0601fc1f003e0ffc3ffc3ffffc1f0fd780fff8fffdfffffff83e0ffc1ffffe0ffc1f1fffc07cff3fbf)
	TDO (0601fc1f003e0ffc3ffc3ffffc1f0fd780fff8fffdfffffff83e0ffc1ffffe0ffc1f1fffc07cff3fbf)
	MASK (3fffffffffffffffffffffffffffffffffffffffffffffffffffffffffffffffffffffffffffffffff);
SIR 10 TDI (2a1);
SDR 11 TDI (08c);
SIR 10 TDI (28c);
STATE IDLE;
RUNTEST 20001E-6 SEC;
SIR 10 TDI (290);
SDR 326 TDI (0601fc1f003e0ffc3ffc3ff7fc1f0fd780fff8fffdfffffff83e0ffc1ffffe0ffc1f1fffc07cff3fbf)
	TDO (0601fc1f003e0ffc3ffc3ff7fc1f0fd780fff8fffdfffffff83e0ffc1ffffe0ffc1f1fffc07cff3fbf)
	MASK (3fffffffffffffffffffffffffffffffffffffffffffffffffffffffffffffffffffffffffffffffff);
SIR 10 TDI (2a1);
SDR 11 TDI (08d);
SIR 10 TDI (28c);
STATE IDLE;
RUNTEST 20001E-6 SEC;
SIR 10 TDI (290);
SDR 326 TDI (0601fc1f00320ffc33fc3ffdfc1f0fd780fff8fffdfffffff83e0ffc1ffffe0fbc1f1fffc07cff3fbf)
	TDO (0601fc1f00320ffc33fc3ffdfc1f0fd780fff8fffdfffffff83e0ffc1ffffe0fbc1f1fffc07cff3fbf)
	MASK (3fffffffffffffffffffffffffffffffffffffffffffffffffffffffffffffffffffffffffffffffff);
SIR 10 TDI (2a1);
SDR 11 TDI (08e);
SIR 10 TDI (28c);
STATE IDLE;
RUNTEST 20001E-6 SEC;
SIR 10 TDI (290);
SDR 326 TDI (0601fc1f003e0ffc3ffc3ffffc1f0fd780fff8fffdfffffff83e0ffc1ffffe0ffc1f1fffc07cff3fbf)
	TDO (0601fc1f003e0ffc3ffc3ffffc1f0fd780fff8fffdfffffff83e0ffc1ffffe0ffc1f1fffc07cff3fbf)
	MASK (3fffffffffffffffffffffffffffffffffffffffffffffffffffffffffffffffffffffffffffffffff);
SIR 10 TDI (2a1);
SDR 11 TDI (08f);
SIR 10 TDI (28c);
STATE IDLE;
RUNTEST 20001E-6 SEC;
SIR 10 TDI (290);
SDR 326 TDI (0601fc1f001e0ffc3efc3ffffc1f0fd780fff8fffdfffffff83e0ffc1ffffe0ffc1f1fffc07cff3fbf)
	TDO (0601fc1f001e0ffc3efc3ffffc1f0fd780fff8fffdfffffff83e0ffc1ffffe0ffc1f1fffc07cff3fbf)
	MASK (3fffffffffffffffffffffffffffffffffffffffffffffffffffffffffffffffffffffffffffffffff);
SIR 10 TDI (2a1);
SDR 11 TDI (090);
SIR 10 TDI (28c);
STATE IDLE;
RUNTEST 20001E-6 SEC;
SIR 10 TDI (290);
SDR 326 TDI (0601fc1f003e0ffc3ffc3ffffc1f0fd780fff8ff7cffffdff03e0ffc1ffbfc0ffc1f1fffc07cff3fbf)
	TDO (0601fc1f003e0ffc3ffc3ffffc1f0fd780fff8ff7cffffdff03e0ffc1ffbfc0ffc1f1fffc07cff3fbf)
	MASK (3fffffffffffffffffffffffffffffffffffffffffffffffffffffffffffffffffffffffffffffffff);
SIR 10 TDI (2a1);
SDR 11 TDI (091);
SIR 10 TDI (28c);
STATE IDLE;
RUNTEST 20001E-6 SEC;
SIR 10 TDI (290);
SDR 326 TDI (0601fc1f003e0fbc3ffc3ffffc1f0fd780fff8fffd1ffe3f883e0ffc1ffc7e0ffc1f1fffc07cff3fbf)
	TDO (0601fc1f003e0fbc3ffc3ffffc1f0fd780fff8fffd1ffe3f883e0ffc1ffc7e0ffc1f1fffc07cff3fbf)
	MASK (3fffffffffffffffffffffffffffffffffffffffffffffffffffffffffffffffffffffffffffffffff);
SIR 10 TDI (2a1);
SDR 11 TDI (092);
SIR 10 TDI (28c);
STATE IDLE;
RUNTEST 20001E-6 SEC;
SIR 10 TDI (290);
SDR 326 TDI (0601fc1f003e0ffc3ffc3ffcfc1f0fd780fff8fffdfffffff83e0ffc1fdffe0ffc1f1fffc07cff3fbf)
	TDO (0601fc1f003e0ffc3ffc3ffcfc1f0fd780fff8fffdfffffff83e0ffc1fdffe0ffc1f1fffc07cff3fbf)
	MASK (3fffffffffffffffffffffffffffffffffffffffffffffffffffffffffffffffffffffffffffffffff);
SIR 10 TDI (2a1);
SDR 11 TDI (093);
SIR 10 TDI (28c);
STATE IDLE;
RUNTEST 20001E-6 SEC;
SIR 10 TDI (290);
SDR 326 TDI (0601fc1f003e0ffc3ffc3ffffc1f0fd780fff8effdfffffff83e0ffc1feffe0ffc1f1fffc07cff3fbf)
	TDO (0601fc1f003e0ffc3ffc3ffffc1f0fd780fff8effdfffffff83e0ffc1feffe0ffc1f1fffc07cff3fbf)
	MASK (3fffffffffffffffffffffffffffffffffffffffffffffffffffffffffffffffffffffffffffffffff);
SIR 10 TDI (2a1);
SDR 11 TDI (094);
SIR 10 TDI (28c);
STATE IDLE;
RUNTEST 20001E-6 SEC;
SIR 10 TDI (290);
SDR 326 TDI (0601fc1f003e0ffc3ff83ffffc1f0fd780fff8fff1fffffff83e0ffc1ffffe0afc1f1ffec07cff37bf)
	TDO (0601fc1f003e0ffc3ff83ffffc1f0fd780fff8fff1fffffff83e0ffc1ffffe0afc1f1ffec07cff37bf)
	MASK (3fffffffffffffffffffffffffffffffffffffffffffffffffffffffffffffffffffffffffffffffff);
SIR 10 TDI (2a1);
SDR 11 TDI (095);
SIR 10 TDI (28c);
STATE IDLE;
RUNTEST 20001E-6 SEC;
SIR 10 TDI (290);
SDR 326 TDI (0200dc1f003e0ffc1ffc3ffffc1f0fd780fdb8fffdfffffff83e0ffc1ffffe05fc1f17ffc07cdf3fbf)
	TDO (0200dc1f003e0ffc1ffc3ffffc1f0fd780fdb8fffdfffffff83e0ffc1ffffe05fc1f17ffc07cdf3fbf)
	MASK (3fffffffffffffffffffffffffffffffffffffffffffffffffffffffffffffffffffffffffffffffff);
SIR 10 TDI (2a1);
SDR 11 TDI (096);
SIR 10 TDI (28c);
STATE IDLE;
RUNTEST 20001E-6 SEC;
SIR 10 TDI (290);
SDR 326 TDI (0601fc1f003e0ffc3ffc3ffffc1f0fd780fff8fffdfffffff8100ffc1ffffe0ffc131cf3c04c933fbf)
	TDO (0601fc1f003e0ffc3ffc3ffffc1f0fd780fff8fffdfffffff8100ffc1ffffe0ffc131cf3c04c933fbf)
	MASK (3fffffffffffffffffffffffffffffffffffffffffffffffffffffffffffffffffffffffffffffffff);
SIR 10 TDI (2a1);
SDR 11 TDI (097);
SIR 10 TDI (28c);
STATE IDLE;
RUNTEST 20001E-6 SEC;
SIR 10 TDI (290);
SDR 326 TDI (0601fc1f003e0ffc3ffc3ffffc1f0fd780fff8fffdfffffff83e0ffc1ffffe0fe81f17ffc07cff33bf)
	TDO (0601fc1f003e0ffc3ffc3ffffc1f0fd780fff8fffdfffffff83e0ffc1ffffe0fe81f17ffc07cff33bf)
	MASK (3fffffffffffffffffffffffffffffffffffffffffffffffffffffffffffffffffffffffffffffffff);
SIR 10 TDI (2a1);
SDR 11 TDI (098);
SIR 10 TDI (28c);
STATE IDLE;
RUNTEST 20001E-6 SEC;
SIR 10 TDI (290);
SDR 326 TDI (0601fc1f003e0ffc3ffc3fffbc1f0fd780eff8fffdfffffff83e0ffc1ffffe0ffc1f1fffc07cff3fbf)
	TDO (0601fc1f003e0ffc3ffc3fffbc1f0fd780eff8fffdfffffff83e0ffc1ffffe0ffc1f1fffc07cff3fbf)
	MASK (3fffffffffffffffffffffffffffffffffffffffffffffffffffffffffffffffffffffffffffffffff);
SIR 10 TDI (2a1);
SDR 11 TDI (099);
SIR 10 TDI (28c);
STATE IDLE;
RUNTEST 20001E-6 SEC;
SIR 10 TDI (290);
SDR 326 TDI (0601fc1f003e0ffc3ffc3fbffc1f0fd780fff8fffdffffff703e0fa81ffffe0ffc1f1fffc07cff3fbf)
	TDO (0601fc1f003e0ffc3ffc3fbffc1f0fd780fff8fffdffffff703e0fa81ffffe0ffc1f1fffc07cff3fbf)
	MASK (3fffffffffffffffffffffffffffffffffffffffffffffffffffffffffffffffffffffffffffffffff);
SIR 10 TDI (2a1);
SDR 11 TDI (09a);
SIR 10 TDI (28c);
STATE IDLE;
RUNTEST 20001E-6 SEC;
SIR 10 TDI (290);
SDR 326 TDI (0601fc1f003e0ffc3ffc3ffffc1f0fd780fff8fffdfffffff83e0ffc1ffffe0ffc1f1fffc07cff3fbf)
	TDO (0601fc1f003e0ffc3ffc3ffffc1f0fd780fff8fffdfffffff83e0ffc1ffffe0ffc1f1fffc07cff3fbf)
	MASK (3fffffffffffffffffffffffffffffffffffffffffffffffffffffffffffffffffffffffffffffffff);
SIR 10 TDI (2a1);
SDR 11 TDI (09b);
SIR 10 TDI (28c);
STATE IDLE;
RUNTEST 20001E-6 SEC;
SIR 10 TDI (290);
SDR 326 TDI (0601fc1f003e0ffc3ffc3ffffc1f0fd780fff8ffc1fffffff83e0ffc1ffffe0ffc1f1fffc07cff3fbf)
	TDO (0601fc1f003e0ffc3ffc3ffffc1f0fd780fff8ffc1fffffff83e0ffc1ffffe0ffc1f1fffc07cff3fbf)
	MASK (3fffffffffffffffffffffffffffffffffffffffffffffffffffffffffffffffffffffffffffffffff);
SIR 10 TDI (2a1);
SDR 11 TDI (09c);
SIR 10 TDI (28c);
STATE IDLE;
RUNTEST 20001E-6 SEC;
SIR 10 TDI (290);
SDR 326 TDI (0601fc1f00360ffc3ffc3ffffc1f0fd780fff8f8bdffffe2f83e0ffc1ffffe0ffc1f1fffc07cff3dbf)
	TDO (0601fc1f00360ffc3ffc3ffffc1f0fd780fff8f8bdffffe2f83e0ffc1ffffe0ffc1f1fffc07cff3dbf)
	MASK (3fffffffffffffffffffffffffffffffffffffffffffffffffffffffffffffffffffffffffffffffff);
SIR 10 TDI (2a1);
SDR 11 TDI (09d);
SIR 10 TDI (28c);
STATE IDLE;
RUNTEST 20001E-6 SEC;
SIR 10 TDI (290);
SDR 326 TDI (0601fc1f003e0ffc3ffc3ffffc1f0fd780fff8fffdfffffff83e0ffc1ffffe0ffc1f1fffc07c7f3fbf)
	TDO (0601fc1f003e0ffc3ffc3ffffc1f0fd780fff8fffdfffffff83e0ffc1ffffe0ffc1f1fffc07c7f3fbf)
	MASK (3fffffffffffffffffffffffffffffffffffffffffffffffffffffffffffffffffffffffffffffffff);
SIR 10 TDI (2a1);
SDR 11 TDI (09e);
SIR 10 TDI (28c);
STATE IDLE;
RUNTEST 20001E-6 SEC;
SIR 10 TDI (290);
SDR 326 TDI (0601ec17003e0edc3ffc1dfffc1f0dd380fff89ebdf5ebfaf81605e81afffe0ffc1f1fffc07cff3fbf)
	TDO (0601ec17003e0edc3ffc1dfffc1f0dd380fff89ebdf5ebfaf81605e81afffe0ffc1f1fffc07cff3fbf)
	MASK (3fffffffffffffffffffffffffffffffffffffffffffffffffffffffffffffffffffffffffffffffff);
SIR 10 TDI (2a1);
SDR 11 TDI (09f);
SIR 10 TDI (28c);
STATE IDLE;
RUNTEST 20001E-6 SEC;
SIR 10 TDI (290);
SDR 326 TDI (0401f81f003c0ffc2fcc3ffffc0f0fd680ff38ffe93fff3fc83e0ffc1ffcfe0ffc1f1fffc07cff3fbf)
	TDO (0401f81f003c0ffc2fcc3ffffc0f0fd680ff38ffe93fff3fc83e0ffc1ffcfe0ffc1f1fffc07cff3fbf)
	MASK (3fffffffffffffffffffffffffffffffffffffffffffffffffffffffffffffffffffffffffffffffff);
SIR 10 TDI (2a1);
SDR 11 TDI (0a0);
SIR 10 TDI (28c);
STATE IDLE;
RUNTEST 20001E-6 SEC;
SIR 10 TDI (290);
SDR 326 TDI (0601fc1f003e0ffc3ffc3ffffc1f0fd780fff8fffdfffffff83e047c1ffffe0ffc131cf2c04c933fbf)
	TDO (0601fc1f003e0ffc3ffc3ffffc1f0fd780fff8fffdfffffff83e047c1ffffe0ffc131cf2c04c933fbf)
	MASK (3fffffffffffffffffffffffffffffffffffffffffffffffffffffffffffffffffffffffffffffffff);
SIR 10 TDI (2a1);
SDR 11 TDI (0a1);
SIR 10 TDI (28c);
STATE IDLE;
RUNTEST 20001E-6 SEC;
SIR 10 TDI (290);
SDR 326 TDI (0601fc1f003e0ffc3ffc3ffffc1f0fd780fff8fffdfffffff83e0ffc1ffff60ff81f1fffc07cff3fbf)
	TDO (0601fc1f003e0ffc3ffc3ffffc1f0fd780fff8fffdfffffff83e0ffc1ffff60ff81f1fffc07cff3fbf)
	MASK (3fffffffffffffffffffffffffffffffffffffffffffffffffffffffffffffffffffffffffffffffff);
SIR 10 TDI (2a1);
SDR 11 TDI (0a2);
SIR 10 TDI (28c);
STATE IDLE;
RUNTEST 20001E-6 SEC;
SIR 10 TDI (290);
SDR 326 TDI (0601fc1f003e0ffc3ffc3ffffc1f0fd780fff8fffdfffffff83e0ffc1ffffe0ffc1f1fffc07cff3fbf)
	TDO (0601fc1f003e0ffc3ffc3ffffc1f0fd780fff8fffdfffffff83e0ffc1ffffe0ffc1f1fffc07cff3fbf)
	MASK (3fffffffffffffffffffffffffffffffffffffffffffffffffffffffffffffffffffffffffffffffff);
SIR 10 TDI (2a1);
SDR 11 TDI (0a3);
SIR 10 TDI (28c);
STATE IDLE;
RUNTEST 20001E-6 SEC;
SIR 10 TDI (290);
SDR 326 TDI (0601fc1f003e0ffc3f1c3ffffc1f0fd780fff8fffdffffff683e0ffc1ffffe0ffc1f1fffc07cff3fbf)
	TDO (0601fc1f003e0ffc3f1c3ffffc1f0fd780fff8fffdffffff683e0ffc1ffffe0ffc1f1fffc07cff3fbf)
	MASK (3fffffffffffffffffffffffffffffffffffffffffffffffffffffffffffffffffffffffffffffffff);
SIR 10 TDI (2a1);
SDR 11 TDI (0a4);
SIR 10 TDI (28c);
STATE IDLE;
RUNTEST 20001E-6 SEC;
SIR 10 TDI (290);
SDR 326 TDI (0601fc1f003e0ffc3ffc3ffffc1f0fd780fff8fffdf7fbfef81e07f81efffe05fc1f0fffc07cff39bf)
	TDO (0601fc1f003e0ffc3ffc3ffffc1f0fd780fff8fffdf7fbfef81e07f81efffe05fc1f0fffc07cff39bf)
	MASK (3fffffffffffffffffffffffffffffffffffffffffffffffffffffffffffffffffffffffffffffffff);
SIR 10 TDI (2a1);
SDR 11 TDI (0a5);
SIR 10 TDI (28c);
STATE IDLE;
RUNTEST 20001E-6 SEC;
SIR 10 TDI (290);
SDR 326 TDI (0601fc1f003e0ffc3ffc3ffffc1f0bd780fff8fa95dffeffb83e0ffc1fff7e0bfc1f1ffec07cdf37bf)
	TDO (0601fc1f003e0ffc3ffc3ffffc1f0bd780fff8fa95dffeffb83e0ffc1fff7e0bfc1f1ffec07cdf37bf)
	MASK (3fffffffffffffffffffffffffffffffffffffffffffffffffffffffffffffffffffffffffffffffff);
SIR 10 TDI (2a1);
SDR 11 TDI (0a6);
SIR 10 TDI (28c);
STATE IDLE;
RUNTEST 20001E-6 SEC;
SIR 10 TDI (290);
SDR 326 TDI (0601fc1f003e0ffc3ff83efffc1f0fd780bff8f7fdf47ffff83e0ffc1ffffe0ffc1f1fff807cff1fbf)
	TDO (0601fc1f003e0ffc3ff83efffc1f0fd780bff8f7fdf47ffff83e0ffc1ffffe0ffc1f1fff807cff1fbf)
	MASK (3fffffffffffffffffffffffffffffffffffffffffffffffffffffffffffffffffffffffffffffffff);
SIR 10 TDI (2a1);
SDR 11 TDI (0a7);
SIR 10 TDI (28c);
STATE IDLE;
RUNTEST 20001E-6 SEC;
SIR 10 TDI (290);
SDR 326 TDI (0200dc1f003e0ffc1ffc2ffefc1f07d780dff89ffdfffffff83e0ffc1ffffe0ffc1f1fffc07cff2fbf)
	TDO (0200dc1f003e0ffc1ffc2ffefc1f07d780dff89ffdfffffff83e0ffc1ffffe0ffc1f1fffc07cff2fbf)
	MASK (3fffffffffffffffffffffffffffffffffffffffffffffffffffffffffffffffffffffffffffffffff);
SIR 10 TDI (2a1);
SDR 11 TDI (0a8);
SIR 10 TDI (28c);
STATE IDLE;
RUNTEST 20001E-6 SEC;
SIR 10 TDI (290);
SDR 326 TDI (06017816001e06d83e9c3ffffc1f0fd700ffe8fffdfffffff83e0ffc1ffffe0ffc1f1fffc07caa3fbf)
	TDO (06017816001e06d83e9c3ffffc1f0fd700ffe8fffdfffffff83e0ffc1ffffe0ffc1f1fffc07caa3fbf)
	MASK (3fffffffffffffffffffffffffffffffffffffffffffffffffffffffffffffffffffffffffffffffff);
SIR 10 TDI (2a1);
SDR 11 TDI (0a9);
SIR 10 TDI (28c);
STATE IDLE;
RUNTEST 20001E-6 SEC;
SIR 10 TDI (290);
SDR 326 TDI (0601e41f003e0ffc3ffc3e277c1f0fd7804bf8fffdfffddff83e0ffc0afffe0ffc1f1fffc07cf73fbf)
	TDO (0601e41f003e0ffc3ffc3e277c1f0fd7804bf8fffdfffddff83e0ffc0afffe0ffc1f1fffc07cf73fbf)
	MASK (3fffffffffffffffffffffffffffffffffffffffffffffffffffffffffffffffffffffffffffffffff);
SIR 10 TDI (2a1);
SDR 11 TDI (0aa);
SIR 10 TDI (28c);
STATE IDLE;
RUNTEST 20001E-6 SEC;
SIR 10 TDI (290);
SDR 326 TDI (0601fc1f003e0ffc3ffc1ffffc1f0fd780fff8dffdfffffff83e0ffc1ffffe0ffc131cf3c04cb33fbf)
	TDO (0601fc1f003e0ffc3ffc1ffffc1f0fd780fff8dffdfffffff83e0ffc1ffffe0ffc131cf3c04cb33fbf)
	MASK (3fffffffffffffffffffffffffffffffffffffffffffffffffffffffffffffffffffffffffffffffff);
SIR 10 TDI (2a1);
SDR 11 TDI (0ab);
SIR 10 TDI (28c);
STATE IDLE;
RUNTEST 20001E-6 SEC;
SIR 10 TDI (290);
SDR 326 TDI (0601fc1b003e0ffc3ffc3dfffc1f0fd780fff8bffdfffffff83e0ffc1ff7f60fec1f1fffc07cff3fbf)
	TDO (0601fc1b003e0ffc3ffc3dfffc1f0fd780fff8bffdfffffff83e0ffc1ff7f60fec1f1fffc07cff3fbf)
	MASK (3fffffffffffffffffffffffffffffffffffffffffffffffffffffffffffffffffffffffffffffffff);
SIR 10 TDI (2a1);
SDR 11 TDI (0ac);
SIR 10 TDI (28c);
STATE IDLE;
RUNTEST 20001E-6 SEC;
SIR 10 TDI (290);
SDR 326 TDI (0601fc1f003e0ffc3ffc3fb7fc170fd780eff8fffdfffffff83e0ffc1fffee0ff41d1f6fc074fd3f3f)
	TDO (0601fc1f003e0ffc3ffc3fb7fc170fd780eff8fffdfffffff83e0ffc1fffee0ff41d1f6fc074fd3f3f)
	MASK (3fffffffffffffffffffffffffffffffffffffffffffffffffffffffffffffffffffffffffffffffff);
SIR 10 TDI (2a1);
SDR 11 TDI (0ad);
SIR 10 TDI (28c);
STATE IDLE;
RUNTEST 20001E-6 SEC;
SIR 10 TDI (290);
SDR 326 TDI (0601fc1f003e0ffc3ffc3eef7c1f0fd780dff8fffdfffffff8140ffc1ffffe0ffc1f1fffc07cff3fbf)
	TDO (0601fc1f003e0ffc3ffc3eef7c1f0fd780dff8fffdfffffff8140ffc1ffffe0ffc1f1fffc07cff3fbf)
	MASK (3fffffffffffffffffffffffffffffffffffffffffffffffffffffffffffffffffffffffffffffffff);
SIR 10 TDI (2a1);
SDR 11 TDI (0ae);
SIR 10 TDI (28c);
STATE IDLE;
RUNTEST 20001E-6 SEC;
SIR 10 TDI (290);
SDR 326 TDI (0601fc1f003e0ffc3ffc3fffcc1f089780fff8fffdfffffff83e0ffc1ffffe0ffc1f1fffc07cff3fbf)
	TDO (0601fc1f003e0ffc3ffc3fffcc1f089780fff8fffdfffffff83e0ffc1ffffe0ffc1f1fffc07cff3fbf)
	MASK (3fffffffffffffffffffffffffffffffffffffffffffffffffffffffffffffffffffffffffffffffff);
SIR 10 TDI (2a1);
SDR 11 TDI (0af);
SIR 10 TDI (28c);
STATE IDLE;
RUNTEST 20001E-6 SEC;
SIR 10 TDI (290);
SDR 326 TDI (0601fc1f003e0ffc3ffc3ffffc1f0fd780fff8fffdfffdbff83e0ffc1ffffe0ffc1f1fffc07cff3fbf)
	TDO (0601fc1f003e0ffc3ffc3ffffc1f0fd780fff8fffdfffdbff83e0ffc1ffffe0ffc1f1fffc07cff3fbf)
	MASK (3fffffffffffffffffffffffffffffffffffffffffffffffffffffffffffffffffffffffffffffffff);
SIR 10 TDI (2a1);
SDR 11 TDI (0b0);
SIR 10 TDI (28c);
STATE IDLE;
RUNTEST 20001E-6 SEC;
SIR 10 TDI (290);
SDR 326 TDI (0601fc1f003e0ffc3ffc37effc1f0fd780bff8fffdfffffff83e0ffc1ffffe0ffc1f1fff407cff1fbf)
	TDO (0601fc1f003e0ffc3ffc37effc1f0fd780bff8fffdfffffff83e0ffc1ffffe0ffc1f1fff407cff1fbf)
	MASK (3fffffffffffffffffffffffffffffffffffffffffffffffffffffffffffffffffffffffffffffffff);
SIR 10 TDI (2a1);
SDR 11 TDI (0b1);
SIR 10 TDI (28c);
STATE IDLE;
RUNTEST 20001E-6 SEC;
SIR 10 TDI (290);
SDR 326 TDI (0601fc1f003e0f7c3ffc1dfefc1f07d780dff87ffd6ffffff83e0ffc1ffffe0ffc1f1fffc07cff2fbf)
	TDO (0601fc1f003e0f7c3ffc1dfefc1f07d780dff87ffd6ffffff83e0ffc1ffffe0ffc1f1fffc07cff2fbf)
	MASK (3fffffffffffffffffffffffffffffffffffffffffffffffffffffffffffffffffffffffffffffffff);
SIR 10 TDI (2a1);
SDR 11 TDI (0b2);
SIR 10 TDI (28c);
STATE IDLE;
RUNTEST 20001E-6 SEC;
SIR 10 TDI (290);
SDR 326 TDI (0601fc1f003e0ffc3ffc3ffffc1b0fd780fff8fffdfffffff83e0ffc1ffffe0ffc1f1fffc07cff3fbf)
	TDO (0601fc1f003e0ffc3ffc3ffffc1b0fd780fff8fffdfffffff83e0ffc1ffffe0ffc1f1fffc07cff3fbf)
	MASK (3fffffffffffffffffffffffffffffffffffffffffffffffffffffffffffffffffffffffffffffffff);
SIR 10 TDI (2a1);
SDR 11 TDI (0b3);
SIR 10 TDI (28c);
STATE IDLE;
RUNTEST 20001E-6 SEC;
SIR 10 TDI (290);
SDR 326 TDI (0601fc1f003e0ffc3ffc3ffffc1f0fd780fff8fffce57ffff83e0ffc1ffffe0ffc1f1fffc07cff3fbf)
	TDO (0601fc1f003e0ffc3ffc3ffffc1f0fd780fff8fffce57ffff83e0ffc1ffffe0ffc1f1fffc07cff3fbf)
	MASK (3fffffffffffffffffffffffffffffffffffffffffffffffffffffffffffffffffffffffffffffffff);
SIR 10 TDI (2a1);
SDR 11 TDI (0b4);
SIR 10 TDI (28c);
STATE IDLE;
RUNTEST 20001E-6 SEC;
SIR 10 TDI (290);
SDR 326 TDI (0601fc1f003e0ffc3ffc3ffffc0f0f9180fff8ffbdfbf7fdf82e0bf41dfffe0ffc1f1fffc07cff3fbf)
	TDO (0601fc1f003e0ffc3ffc3ffffc0f0f9180fff8ffbdfbf7fdf82e0bf41dfffe0ffc1f1fffc07cff3fbf)
	MASK (3fffffffffffffffffffffffffffffffffffffffffffffffffffffffffffffffffffffffffffffffff);
SIR 10 TDI (2a1);
SDR 11 TDI (0b5);
SIR 10 TDI (28c);
STATE IDLE;
RUNTEST 20001E-6 SEC;
SIR 10 TDI (290);
SDR 326 TDI (0601fc1f003e0ffc3ffc1dfffc1f0fd680fef89ffdfffffff83e0ffc1ffffe0ffc1f1fffc07cff3fbf)
	TDO (0601fc1f003e0ffc3ffc1dfffc1f0fd680fef89ffdfffffff83e0ffc1ffffe0ffc1f1fffc07cff3fbf)
	MASK (3fffffffffffffffffffffffffffffffffffffffffffffffffffffffffffffffffffffffffffffffff);
SIR 10 TDI (2a1);
SDR 11 TDI (0b6);
SIR 10 TDI (28c);
STATE IDLE;
RUNTEST 20001E-6 SEC;
SIR 10 TDI (290);
SDR 326 TDI (0601fc1f003e0ffc3ffc3fffec1f0fd780fff8fffdfffffff83e0ffc1ffffe0ffc171dfbc05cf73ebf)
	TDO (0601fc1f003e0ffc3ffc3fffec1f0fd780fff8fffdfffffff83e0ffc1ffffe0ffc171dfbc05cf73ebf)
	MASK (3fffffffffffffffffffffffffffffffffffffffffffffffffffffffffffffffffffffffffffffffff);
SIR 10 TDI (2a1);
SDR 11 TDI (0b7);
SIR 10 TDI (28c);
STATE IDLE;
RUNTEST 20001E-6 SEC;
SIR 10 TDI (290);
SDR 326 TDI (0601fc1f003e0ffc3ffc3ffffc1f0fd780fdd8fffdffffff183e0ffc1ffffe0ffc1e1f9fc078fe3fbf)
	TDO (0601fc1f003e0ffc3ffc3ffffc1f0fd780fdd8fffdffffff183e0ffc1ffffe0ffc1e1f9fc078fe3fbf)
	MASK (3fffffffffffffffffffffffffffffffffffffffffffffffffffffffffffffffffffffffffffffffff);
SIR 10 TDI (2a1);
SDR 11 TDI (0b8);
SIR 10 TDI (28c);
STATE IDLE;
RUNTEST 20001E-6 SEC;
SIR 10 TDI (290);
SDR 326 TDI (0601e417001e0edc3eec1ffff81e0dd780ffb8dec19ffe7f983e0ffc1ffe7e0efc1f1fffc07cdf3bbf)
	TDO (0601e417001e0edc3eec1ffff81e0dd780ffb8dec19ffe7f983e0ffc1ffe7e0efc1f1fffc07cdf3bbf)
	MASK (3fffffffffffffffffffffffffffffffffffffffffffffffffffffffffffffffffffffffffffffffff);
SIR 10 TDI (2a1);
SDR 11 TDI (0b9);
SIR 10 TDI (28c);
STATE IDLE;
RUNTEST 20001E-6 SEC;
SIR 10 TDI (290);
SDR 326 TDI (0601b81f003e0ffc3f9c3dfffc1f0fd380fe78bbfdff3feff83c0f3c0ffffe07fc1f17fec07cff3fbf)
	TDO (0601b81f003e0ffc3f9c3dfffc1f0fd380fe78bbfdff3feff83c0f3c0ffffe07fc1f17fec07cff3fbf)
	MASK (3fffffffffffffffffffffffffffffffffffffffffffffffffffffffffffffffffffffffffffffffff);
SIR 10 TDI (2a1);
SDR 11 TDI (0ba);
SIR 10 TDI (28c);
STATE IDLE;
RUNTEST 20001E-6 SEC;
SIR 10 TDI (290);
SDR 326 TDI (0601fc1f003e0ffc3ffc3ffffc1f0fd780fff8fffdfffffff83e0ffc1ffffe0ffc1f1fffc07cff3fbf)
	TDO (0601fc1f003e0ffc3ffc3ffffc1f0fd780fff8fffdfffffff83e0ffc1ffffe0ffc1f1fffc07cff3fbf)
	MASK (3fffffffffffffffffffffffffffffffffffffffffffffffffffffffffffffffffffffffffffffffff);
SIR 10 TDI (2a1);
SDR 11 TDI (0bb);
SIR 10 TDI (28c);
STATE IDLE;
RUNTEST 20001E-6 SEC;
SIR 10 TDI (290);
SDR 326 TDI (0601fc1f003e0ffc3ffc3ffffc1f0fd780fff8fffdfffffff83e0ffc1ffffe0ffc1f1fffc07cff3fbf)
	TDO (0601fc1f003e0ffc3ffc3ffffc1f0fd780fff8fffdfffffff83e0ffc1ffffe0ffc1f1fffc07cff3fbf)
	MASK (3fffffffffffffffffffffffffffffffffffffffffffffffffffffffffffffffffffffffffffffffff);
SIR 10 TDI (2a1);
SDR 11 TDI (0bc);
SIR 10 TDI (28c);
STATE IDLE;
RUNTEST 20001E-6 SEC;
SIR 10 TDI (290);
SDR 326 TDI (0601fc0f00360f3c3bf41dffec1b0bd780ffd89ffdff8bfff83e0ffc1fffde0ffc1f1fffc07cff3fbf)
	TDO (0601fc0f00360f3c3bf41dffec1b0bd780ffd89ffdff8bfff83e0ffc1fffde0ffc1f1fffc07cff3fbf)
	MASK (3fffffffffffffffffffffffffffffffffffffffffffffffffffffffffffffffffffffffffffffffff);
SIR 10 TDI (2a1);
SDR 11 TDI (0bd);
SIR 10 TDI (28c);
STATE IDLE;
RUNTEST 20001E-6 SEC;
SIR 10 TDI (290);
SDR 326 TDI (0601fc1b003a0dec378c3fffdc170ed780fe38fffdfffffff83e0ffc1ffffe0ffc1f1fffc07cff3fbf)
	TDO (0601fc1b003a0dec378c3fffdc170ed780fe38fffdfffffff83e0ffc1ffffe0ffc1f1fffc07cff3fbf)
	MASK (3fffffffffffffffffffffffffffffffffffffffffffffffffffffffffffffffffffffffffffffffff);
SIR 10 TDI (2a1);
SDR 11 TDI (0be);
SIR 10 TDI (28c);
STATE IDLE;
RUNTEST 20001E-6 SEC;
SIR 10 TDI (290);
SDR 326 TDI (0601fc1f003a0ffc3ffc3ffffc1f0fd780fbf8fffdfffffff83e0ffc02fffe0ffc1f1ab3c04cb33fbf)
	TDO (0601fc1f003a0ffc3ffc3ffffc1f0fd780fbf8fffdfffffff83e0ffc02fffe0ffc1f1ab3c04cb33fbf)
	MASK (3fffffffffffffffffffffffffffffffffffffffffffffffffffffffffffffffffffffffffffffffff);
SIR 10 TDI (2a1);
SDR 11 TDI (0bf);
SIR 10 TDI (28c);
STATE IDLE;
RUNTEST 20001E-6 SEC;
SIR 10 TDI (290);
SDR 326 TDI (0601fc1f003e0ffc3ffc3e277c1f0fd780fff8fffdfffffff83e0ffc1ffffe0ffc1f1dffc07cff3fbf)
	TDO (0601fc1f003e0ffc3ffc3e277c1f0fd780fff8fffdfffffff83e0ffc1ffffe0ffc1f1dffc07cff3fbf)
	MASK (3fffffffffffffffffffffffffffffffffffffffffffffffffffffffffffffffffffffffffffffffff);
SIR 10 TDI (2a1);
SDR 11 TDI (0c0);
SIR 10 TDI (28c);
STATE IDLE;
RUNTEST 20001E-6 SEC;
SIR 10 TDI (290);
SDR 326 TDI (0601fc1f003e0ffc37fc3ffffc1f0fd780fff8fffd7defbbe8360dec1bfdfe0ffc1f1fffc07cff3fbf)
	TDO (0601fc1f003e0ffc37fc3ffffc1f0fd780fff8fffd7defbbe8360dec1bfdfe0ffc1f1fffc07cff3fbf)
	MASK (3fffffffffffffffffffffffffffffffffffffffffffffffffffffffffffffffffffffffffffffffff);
SIR 10 TDI (2a1);
SDR 11 TDI (0c1);
SIR 10 TDI (28c);
STATE IDLE;
RUNTEST 20001E-6 SEC;
SIR 10 TDI (290);
SDR 326 TDI (0601fc1f003e0ffc3ffc3ffffc1f0fd780fc78ffc19f3e6f983c0f3c0ffe7e0ffc1f1fffc07cff3fbf)
	TDO (0601fc1f003e0ffc3ffc3ffffc1f0fd780fc78ffc19f3e6f983c0f3c0ffe7e0ffc1f1fffc07cff3fbf)
	MASK (3fffffffffffffffffffffffffffffffffffffffffffffffffffffffffffffffffffffffffffffffff);
SIR 10 TDI (2a1);
SDR 11 TDI (0c2);
SIR 10 TDI (28c);
STATE IDLE;
RUNTEST 20001E-6 SEC;
SIR 10 TDI (290);
SDR 326 TDI (0601fc1f003e0ffc3bfc3ffffc1f0fd780fff8fffdfffffff83e0ffc1ffffe0f7c1f1fffc07cff3fbf)
	TDO (0601fc1f003e0ffc3bfc3ffffc1f0fd780fff8fffdfffffff83e0ffc1ffffe0f7c1f1fffc07cff3fbf)
	MASK (3fffffffffffffffffffffffffffffffffffffffffffffffffffffffffffffffffffffffffffffffff);
SIR 10 TDI (2a1);
SDR 11 TDI (0c3);
SIR 10 TDI (28c);
STATE IDLE;
RUNTEST 20001E-6 SEC;
SIR 10 TDI (290);
SDR 326 TDI (0601fc1f003e0ffc3f743ffffc1f0fd780fff8fffdffffeaf83e0ffc1ffffe0ffc1f1fffc07cff3fbf)
	TDO (0601fc1f003e0ffc3f743ffffc1f0fd780fff8fffdffffeaf83e0ffc1ffffe0ffc1f1fffc07cff3fbf)
	MASK (3fffffffffffffffffffffffffffffffffffffffffffffffffffffffffffffffffffffffffffffffff);
SIR 10 TDI (2a1);
SDR 11 TDI (0c4);
SIR 10 TDI (28c);
STATE IDLE;
RUNTEST 20001E-6 SEC;
SIR 10 TDI (290);
SDR 326 TDI (0601fc1f003e0ffc3ffc3fffdc1f0fd780fff8fffdfffffff83e0ffc1fbffe0ffc1f1fffc028b33fbf)
	TDO (0601fc1f003e0ffc3ffc3fffdc1f0fd780fff8fffdfffffff83e0ffc1fbffe0ffc1f1fffc028b33fbf)
	MASK (3fffffffffffffffffffffffffffffffffffffffffffffffffffffffffffffffffffffffffffffffff);
SIR 10 TDI (2a1);
SDR 11 TDI (0c5);
SIR 10 TDI (28c);
STATE IDLE;
RUNTEST 20001E-6 SEC;
SIR 10 TDI (290);
SDR 326 TDI (0600fc1f003e0ffc3ffc3ffffc1f0fd780fff8fffd8ffffff83e0ffc1f7ffe0ffc1f1fffc05cff3fbf)
	TDO (0600fc1f003e0ffc3ffc3ffffc1f0fd780fff8fffd8ffffff83e0ffc1f7ffe0ffc1f1fffc05cff3fbf)
	MASK (3fffffffffffffffffffffffffffffffffffffffffffffffffffffffffffffffffffffffffffffffff);
SIR 10 TDI (2a1);
SDR 11 TDI (0c6);
SIR 10 TDI (28c);
STATE IDLE;
RUNTEST 20001E-6 SEC;
SIR 10 TDI (290);
SDR 326 TDI (0601fc1f003e0ffc3ffc3f7ffc1f0fd780fff8fffdfffffff83e0ffc1ffffe0ffc1f1fffc07cff3fbf)
	TDO (0601fc1f003e0ffc3ffc3f7ffc1f0fd780fff8fffdfffffff83e0ffc1ffffe0ffc1f1fffc07cff3fbf)
	MASK (3fffffffffffffffffffffffffffffffffffffffffffffffffffffffffffffffffffffffffffffffff);
SIR 10 TDI (2a1);
SDR 11 TDI (0c7);
SIR 10 TDI (28c);
STATE IDLE;
RUNTEST 20001E-6 SEC;
SIR 10 TDI (290);
SDR 326 TDI (0601fc1f003e0ffc3ffc3eaebc1f0ed780cff8fffdffabfff83e0ffc1ffffe0ffc1f1fffc07cff3fbf)
	TDO (0601fc1f003e0ffc3ffc3eaebc1f0ed780cff8fffdffabfff83e0ffc1ffffe0ffc1f1fffc07cff3fbf)
	MASK (3fffffffffffffffffffffffffffffffffffffffffffffffffffffffffffffffffffffffffffffffff);
SIR 10 TDI (2a1);
SDR 11 TDI (0c8);
SIR 10 TDI (28c);
STATE IDLE;
RUNTEST 20001E-6 SEC;
SIR 10 TDI (290);
SDR 326 TDI (0601fc1f003e0ffc3ffc3bfffc1f0fd780fff8effdfffffff83e0ffc1ffffe0ffc0f1bfdc03cef3fbf)
	TDO (0601fc1f003e0ffc3ffc3bfffc1f0fd780fff8effdfffffff83e0ffc1ffffe0ffc0f1bfdc03cef3fbf)
	MASK (3fffffffffffffffffffffffffffffffffffffffffffffffffffffffffffffffffffffffffffffffff);
SIR 10 TDI (2a1);
SDR 11 TDI (0c9);
SIR 10 TDI (28c);
STATE IDLE;
RUNTEST 20001E-6 SEC;
SIR 10 TDI (290);
SDR 326 TDI (0600fc1d002e0bf43dfc05fff41d0f4780ffe8177dfbf7fdf82e0bf41dfff20fc81715fac05cd700bf)
	TDO (0600fc1d002e0bf43dfc05fff41d0f4780ffe8177dfbf7fdf82e0bf41dfff20fc81715fac05cd700bf)
	MASK (3fffffffffffffffffffffffffffffffffffffffffffffffffffffffffffffffffffffffffffffffff);
SIR 10 TDI (2a1);
SDR 11 TDI (0ca);
SIR 10 TDI (28c);
STATE IDLE;
RUNTEST 20001E-6 SEC;
SIR 10 TDI (290);
SDR 326 TDI (0601fc1f003e0ffc3ffc3eaffc1f0fd780fff8fffdfffffff83e0ffc1feffe0dfc1f1fffc07cdf33bf)
	TDO (0601fc1f003e0ffc3ffc3eaffc1f0fd780fff8fffdfffffff83e0ffc1feffe0dfc1f1fffc07cdf33bf)
	MASK (3fffffffffffffffffffffffffffffffffffffffffffffffffffffffffffffffffffffffffffffffff);
SIR 10 TDI (2a1);
SDR 11 TDI (0cb);
SIR 10 TDI (28c);
STATE IDLE;
RUNTEST 20001E-6 SEC;
SIR 10 TDI (290);
SDR 326 TDI (0601fc1f003e0dfc3ffc3b7ffc1f0fd780fff8fffdfffffff83e0ffc1fde3e0bfc1f07fec07cff3dbf)
	TDO (0601fc1f003e0dfc3ffc3b7ffc1f0fd780fff8fffdfffffff83e0ffc1fde3e0bfc1f07fec07cff3dbf)
	MASK (3fffffffffffffffffffffffffffffffffffffffffffffffffffffffffffffffffffffffffffffffff);
SIR 10 TDI (2a1);
SDR 11 TDI (0cc);
SIR 10 TDI (28c);
STATE IDLE;
RUNTEST 20001E-6 SEC;
SIR 10 TDI (290);
SDR 326 TDI (0601fc1f003e0ffc3ffc1dfff81e0d9580fe789ffdfffffff83e0ffc1ffffe0ffc1f1fd5c04cb33fbf)
	TDO (0601fc1f003e0ffc3ffc1dfff81e0d9580fe789ffdfffffff83e0ffc1ffffe0ffc1f1fd5c04cb33fbf)
	MASK (3fffffffffffffffffffffffffffffffffffffffffffffffffffffffffffffffffffffffffffffffff);
SIR 10 TDI (2a1);
SDR 11 TDI (0cd);
SIR 10 TDI (28c);
STATE IDLE;
RUNTEST 20001E-6 SEC;
SIR 10 TDI (290);
SDR 326 TDI (0601fc0f003e0ffc3ffc3ffffc1f0fd380fff8fbfdfffffff83e057c1ffbbe0ffc1f1ffbc07cff3fbf)
	TDO (0601fc0f003e0ffc3ffc3ffffc1f0fd380fff8fbfdfffffff83e057c1ffbbe0ffc1f1ffbc07cff3fbf)
	MASK (3fffffffffffffffffffffffffffffffffffffffffffffffffffffffffffffffffffffffffffffffff);
SIR 10 TDI (2a1);
SDR 11 TDI (0ce);
SIR 10 TDI (28c);
STATE IDLE;
RUNTEST 20001E-6 SEC;
SIR 10 TDI (290);
SDR 326 TDI (0601fc1d002e0bf43dfc37fffc1f0fd780fff8f7fdfffffff83e0ffc1ffffe0ffc0a1cf3c04cb33bbf)
	TDO (0601fc1d002e0bf43dfc37fffc1f0fd780fff8f7fdfffffff83e0ffc1ffffe0ffc0a1cf3c04cb33bbf)
	MASK (3fffffffffffffffffffffffffffffffffffffffffffffffffffffffffffffffffffffffffffffffff);
SIR 10 TDI (2a1);
SDR 11 TDI (0cf);
SIR 10 TDI (28c);
STATE IDLE;
RUNTEST 20001E-6 SEC;
SIR 10 TDI (290);
SDR 326 TDI (0601fc1f003e0ffc3ffc3ffffc1f0fd780fff8fffdfffffff83e0ffc1ffdbe0ffc171fffc07cff3fbf)
	TDO (0601fc1f003e0ffc3ffc3ffffc1f0fd780fff8fffdfffffff83e0ffc1ffdbe0ffc171fffc07cff3fbf)
	MASK (3fffffffffffffffffffffffffffffffffffffffffffffffffffffffffffffffffffffffffffffffff);
SIR 10 TDI (2a1);
SDR 11 TDI (0d0);
SIR 10 TDI (28c);
STATE IDLE;
RUNTEST 20001E-6 SEC;
SIR 10 TDI (290);
SDR 326 TDI (0601741e003c07f82ffc3ffffc1f0fd7807ff8fffdfffffff83e0ffc1ff7fe0ffc1f1fffc07cff3fbf)
	TDO (0601741e003c07f82ffc3ffffc1f0fd7807ff8fffdfffffff83e0ffc1ff7fe0ffc1f1fffc07cff3fbf)
	MASK (3fffffffffffffffffffffffffffffffffffffffffffffffffffffffffffffffffffffffffffffffff);
SIR 10 TDI (2a1);
SDR 11 TDI (0d1);
SIR 10 TDI (28c);
STATE IDLE;
RUNTEST 20001E-6 SEC;
SIR 10 TDI (290);
SDR 326 TDI (0401bc1f003e0ffc3fbc3ffffc1f0fd780fff8fffdfffc7ff83e0ffc1ffffe0ffc1f1fffc07cff3ebf)
	TDO (0401bc1f003e0ffc3fbc3ffffc1f0fd780fff8fffdfffc7ff83e0ffc1ffffe0ffc1f1fffc07cff3ebf)
	MASK (3fffffffffffffffffffffffffffffffffffffffffffffffffffffffffffffffffffffffffffffffff);
SIR 10 TDI (2a1);
SDR 11 TDI (0d2);
SIR 10 TDI (28c);
STATE IDLE;
RUNTEST 20001E-6 SEC;
SIR 10 TDI (290);
SDR 326 TDI (0601fc02003e04083ffc3ffffc1f0fd780fff0ffcdfffffff83e0ffc1ffffe0ffc1f1fffc07cff3fbf)
	TDO (0601fc02003e04083ffc3ffffc1f0fd780fff0ffcdfffffff83e0ffc1ffffe0ffc1f1fffc07cff3fbf)
	MASK (3fffffffffffffffffffffffffffffffffffffffffffffffffffffffffffffffffffffffffffffffff);
SIR 10 TDI (2a1);
SDR 11 TDI (0d3);
SIR 10 TDI (28c);
STATE IDLE;
RUNTEST 20001E-6 SEC;
SIR 10 TDI (290);
SDR 326 TDI (0601fc1f003e0ffc3ffc3ffffc1f0fd780fff8fffdfffffff83e0ffc1ffffe0ffc1f1fffc07cff3fbf)
	TDO (0601fc1f003e0ffc3ffc3ffffc1f0fd780fff8fffdfffffff83e0ffc1ffffe0ffc1f1fffc07cff3fbf)
	MASK (3fffffffffffffffffffffffffffffffffffffffffffffffffffffffffffffffffffffffffffffffff);
SIR 10 TDI (2a1);
SDR 11 TDI (0d4);
SIR 10 TDI (28c);
STATE IDLE;
RUNTEST 20001E-6 SEC;
SIR 10 TDI (290);
SDR 326 TDI (0601fc1f003e0ffc3ffc3ffffc1f0fd780fff8fffdfffffff83e0ffc1f7ffe0ffc1f1fffc07cff3fbf)
	TDO (0601fc1f003e0ffc3ffc3ffffc1f0fd780fff8fffdfffffff83e0ffc1f7ffe0ffc1f1fffc07cff3fbf)
	MASK (3fffffffffffffffffffffffffffffffffffffffffffffffffffffffffffffffffffffffffffffffff);
SIR 10 TDI (2a1);
SDR 11 TDI (0d5);
SIR 10 TDI (28c);
STATE IDLE;
RUNTEST 20001E-6 SEC;
SIR 10 TDI (290);
SDR 326 TDI (0601fc1f003e0ffc3f6c3ffffc1f0fd780fff8fffdfffffff83e0ffc1fbffe0ffc1f1fffc07cff3fbf)
	TDO (0601fc1f003e0ffc3f6c3ffffc1f0fd780fff8fffdfffffff83e0ffc1fbffe0ffc1f1fffc07cff3fbf)
	MASK (3fffffffffffffffffffffffffffffffffffffffffffffffffffffffffffffffffffffffffffffffff);
SIR 10 TDI (2a1);
SDR 11 TDI (0d6);
SIR 10 TDI (28c);
STATE IDLE;
RUNTEST 20001E-6 SEC;
SIR 10 TDI (290);
SDR 326 TDI (0601fc1f003e0ffc3ffc3ffff41d0f4780fff8fffdfffffff83e0f881ffffe0ffc1a1e97c068fa3fbf)
	TDO (0601fc1f003e0ffc3ffc3ffff41d0f4780fff8fffdfffffff83e0f881ffffe0ffc1a1e97c068fa3fbf)
	MASK (3fffffffffffffffffffffffffffffffffffffffffffffffffffffffffffffffffffffffffffffffff);
SIR 10 TDI (2a1);
SDR 11 TDI (0d7);
SIR 10 TDI (28c);
STATE IDLE;
RUNTEST 20001E-6 SEC;
SIR 10 TDI (290);
SDR 326 TDI (0601fc1f003e0fec3ffc3ffffc1f0fd780fff8fffdfffffff83e0ffc1ffffe0ffc1f1fffc07cff3fbf)
	TDO (0601fc1f003e0fec3ffc3ffffc1f0fd780fff8fffdfffffff83e0ffc1ffffe0ffc1f1fffc07cff3fbf)
	MASK (3fffffffffffffffffffffffffffffffffffffffffffffffffffffffffffffffffffffffffffffffff);
SIR 10 TDI (2a1);
SDR 11 TDI (0d8);
SIR 10 TDI (28c);
STATE IDLE;
RUNTEST 20001E-6 SEC;
SIR 10 TDI (290);
SDR 326 TDI (0601fc1f003e0ffc3ffc3ffffc1f0fd780fff8fffdfffffff83e0ffc1ffffe0ffc1f1fffc07cff3fbf)
	TDO (0601fc1f003e0ffc3ffc3ffffc1f0fd780fff8fffdfffffff83e0ffc1ffffe0ffc1f1fffc07cff3fbf)
	MASK (3fffffffffffffffffffffffffffffffffffffffffffffffffffffffffffffffffffffffffffffffff);
SIR 10 TDI (2a1);
SDR 11 TDI (0d9);
SIR 10 TDI (28c);
STATE IDLE;
RUNTEST 20001E-6 SEC;
SIR 10 TDI (290);
SDR 326 TDI (0601fc1f003e0ffc3ffc3ffffc1f0fd780fff8fffdfffffff83e0ffc1ffffe0ffc1f1fffc07cff3fbf)
	TDO (0601fc1f003e0ffc3ffc3ffffc1f0fd780fff8fffdfffffff83e0ffc1ffffe0ffc1f1fffc07cff3fbf)
	MASK (3fffffffffffffffffffffffffffffffffffffffffffffffffffffffffffffffffffffffffffffffff);
SIR 10 TDI (2a1);
SDR 11 TDI (0da);
SIR 10 TDI (28c);
STATE IDLE;
RUNTEST 20001E-6 SEC;
SIR 10 TDI (290);
SDR 326 TDI (0601fc1f003e0ffc3ffc3ffffc1f0fd780fff8fffdfffffff83e0ffc1ffffe0ffc1f1fffc07cff3fbf)
	TDO (0601fc1f003e0ffc3ffc3ffffc1f0fd780fff8fffdfffffff83e0ffc1ffffe0ffc1f1fffc07cff3fbf)
	MASK (3fffffffffffffffffffffffffffffffffffffffffffffffffffffffffffffffffffffffffffffffff);
SIR 10 TDI (2a1);
SDR 11 TDI (0db);
SIR 10 TDI (28c);
STATE IDLE;
RUNTEST 20001E-6 SEC;
SIR 10 TDI (290);
SDR 326 TDI (0601fc1f003e0ffc3ffc3ffffc1f0fd780fff8fffdfffffff83e0ffc1ffffe0ffc1f1fffc07cff3fbf)
	TDO (0601fc1f003e0ffc3ffc3ffffc1f0fd780fff8fffdfffffff83e0ffc1ffffe0ffc1f1fffc07cff3fbf)
	MASK (3fffffffffffffffffffffffffffffffffffffffffffffffffffffffffffffffffffffffffffffffff);
SIR 10 TDI (2a1);
SDR 11 TDI (0dc);
SIR 10 TDI (28c);
STATE IDLE;
RUNTEST 20001E-6 SEC;
SIR 10 TDI (290);
SDR 326 TDI (0601fc1f003e0ffc3ffc3ffffc1f0fd780fff8fffdfffffff83e0ffc1ffffe0ffc1f1fffc07cff3fbf)
	TDO (0601fc1f003e0ffc3ffc3ffffc1f0fd780fff8fffdfffffff83e0ffc1ffffe0ffc1f1fffc07cff3fbf)
	MASK (3fffffffffffffffffffffffffffffffffffffffffffffffffffffffffffffffffffffffffffffffff);
SIR 10 TDI (2a1);
SDR 11 TDI (0dd);
SIR 10 TDI (28c);
STATE IDLE;
RUNTEST 20001E-6 SEC;
SIR 10 TDI (290);
SDR 326 TDI (0601fc1f003e0ffc3ffc3ffffc1f0fd780fff8fffdfffffff83e0ffc1ffffe0ffc1f1fffc07cff3fbf)
	TDO (0601fc1f003e0ffc3ffc3ffffc1f0fd780fff8fffdfffffff83e0ffc1ffffe0ffc1f1fffc07cff3fbf)
	MASK (3fffffffffffffffffffffffffffffffffffffffffffffffffffffffffffffffffffffffffffffffff);
SIR 10 TDI (2a1);
SDR 11 TDI (0de);
SIR 10 TDI (28c);
STATE IDLE;
RUNTEST 20001E-6 SEC;
SIR 10 TDI (290);
SDR 326 TDI (0601fc1f003e0ffc3ffc3ffffc1f0fd780fff8fffdfffffff83e0ffc1ffffe0ffc1f1fffc07cff3fbf)
	TDO (0601fc1f003e0ffc3ffc3ffffc1f0fd780fff8fffdfffffff83e0ffc1ffffe0ffc1f1fffc07cff3fbf)
	MASK (3fffffffffffffffffffffffffffffffffffffffffffffffffffffffffffffffffffffffffffffffff);
SIR 10 TDI (2a1);
SDR 11 TDI (0df);
SIR 10 TDI (28c);
STATE IDLE;
RUNTEST 20001E-6 SEC;
SIR 10 TDI (290);
SDR 326 TDI (0601fc1f003e0ffc3ffc3ffffc1f0fd780fff8fffdfffffff83e0ffc1ffffe0ffc1f1fffc07cff3fbf)
	TDO (0601fc1f003e0ffc3ffc3ffffc1f0fd780fff8fffdfffffff83e0ffc1ffffe0ffc1f1fffc07cff3fbf)
	MASK (3fffffffffffffffffffffffffffffffffffffffffffffffffffffffffffffffffffffffffffffffff);
STATE IDLE;
SIR 10 TDI (2a1);
SDR 11 TDI (000);
SIR 10 TDI (28c);
STATE IDLE;
RUNTEST 20001E-6 SEC;
SIR 10 TDI (290);
SDR 326 TDI (3fffcfcdfcf8198808803ffff330f3f0c80000003fffffffc3ffc00080003fffc000c30f00889098bf)
	TDO (3fffcfcdfcf8198808803ffff330f3f0c80000003fffffffc3ffc00080003fffc000c30f00889098bf)
	MASK (3fffffffffffffffffffffffffffffffffffffffffffffffffffffffffffffffffffffffffffffffff);
SIR 10 TDI (2a1);
SDR 11 TDI (001);
SIR 10 TDI (28c);
STATE IDLE;
RUNTEST 20001E-6 SEC;
SIR 10 TDI (290);
SDR 326 TDI (3fffc6446664202266223fffe2206260402000003fffe6664766666c46627fffe6206226160001003f)
	TDO (3fffc6446664202266223fffe2206260402000003fffe6664766666c46627fffe6206226160001003f)
	MASK (3fffffffffffffffffffffffffffffffffffffffffffffffffffffffffffffffffffffffffffffffff);
SIR 10 TDI (2a1);
SDR 11 TDI (002);
SIR 10 TDI (28c);
STATE IDLE;
RUNTEST 20001E-6 SEC;
SIR 10 TDI (290);
SDR 326 TDI (3fffd1100119803300003fffd9999919803000003fffc10098003ff00ff3ffffd111b9b0000000003f)
	TDO (3fffd1100119803300003fffd9999919803000003fffc10098003ff00ff3ffffd111b9b0000000003f)
	MASK (3fffffffffffffffffffffffffffffffffffffffffffffffffffffffffffffffffffffffffffffffff);
SIR 10 TDI (2a1);
SDR 11 TDI (003);
SIR 10 TDI (28c);
STATE IDLE;
RUNTEST 20001E-6 SEC;
SIR 10 TDI (290);
SDR 326 TDI (3fffffffffffddbbf7fbffffffffffffdfbb9fbbbffffffffcffdfbfddbbffffffffffffcfbb9eaabf)
	TDO (3fffffffffffddbbf7fbffffffffffffdfbb9fbbbffffffffcffdfbfddbbffffffffffffcfbb9eaabf)
	MASK (3fffffffffffffffffffffffffffffffffffffffffffffffffffffffffffffffffffffffffffffffff);
SIR 10 TDI (2a1);
SDR 11 TDI (004);
SIR 10 TDI (28c);
STATE IDLE;
RUNTEST 20001E-6 SEC;
SIR 10 TDI (290);
SDR 326 TDI (3fffffffffffffdd91ddffffffffffffffdfffffffffffffffffd993f99dbfffffffffffc9fffcccff)
	TDO (3fffffffffffffdd91ddffffffffffffffdfffffffffffffffffd993f99dbfffffffffffc9fffcccff)
	MASK (3fffffffffffffffffffffffffffffffffffffffffffffffffffffffffffffffffffffffffffffffff);
SIR 10 TDI (2a1);
SDR 11 TDI (005);
SIR 10 TDI (28c);
STATE IDLE;
RUNTEST 20001E-6 SEC;
SIR 10 TDI (290);
SDR 326 TDI (3ffffffff33f2feefff7ffffffffff3f2f676f777fffc300ff00266ff66e7fffcccf3cff2fffffffff)
	TDO (3ffffffff33f2feefff7ffffffffff3f2f676f777fffc300ff00266ff66e7fffcccf3cff2fffffffff)
	MASK (3fffffffffffffffffffffffffffffffffffffffffffffffffffffffffffffffffffffffffffffffff);
SIR 10 TDI (2a1);
SDR 11 TDI (006);
SIR 10 TDI (28c);
STATE IDLE;
RUNTEST 20001E-6 SEC;
SIR 10 TDI (290);
SDR 326 TDI (3ffff1dbbdcfc18801813fffd31eddd910008091bfffc1dbb11809991188bfffd99d9dd3908108113f)
	TDO (3ffff1dbbdcfc18801813fffd31eddd910008091bfffc1dbb11809991188bfffd99d9dd3908108113f)
	MASK (3fffffffffffffffffffffffffffffffffffffffffffffffffffffffffffffffffffffffffffffffff);
SIR 10 TDI (2a1);
SDR 11 TDI (007);
SIR 10 TDI (28c);
STATE IDLE;
RUNTEST 20001E-6 SEC;
SIR 10 TDI (290);
SDR 326 TDI (3fffe0422446442244207fffc2264464082202807fffc0422000424466643fffe4460446246896a83f)
	TDO (3fffe0422446442244207fffc2264464082202807fffc0422000424466643fffe4460446246896a83f)
	MASK (3fffffffffffffffffffffffffffffffffffffffffffffffffffffffffffffffffffffffffffffffff);
SIR 10 TDI (2a1);
SDR 11 TDI (008);
SIR 10 TDI (28c);
STATE IDLE;
RUNTEST 20001E-6 SEC;
SIR 10 TDI (290);
SDR 326 TDI (3fffc80000188c33cc003fffc1800000003000003fffd80008818000cc303fffc88108080c3003003f)
	TDO (3fffc80000188c33cc003fffc1800000003000003fffd80008818000cc303fffc88108080c3003003f)
	MASK (3fffffffffffffffffffffffffffffffffffffffffffffffffffffffffffffffffffffffffffffffff);
SIR 10 TDI (2a1);
SDR 11 TDI (009);
SIR 10 TDI (28c);
STATE IDLE;
RUNTEST 20001E-6 SEC;
SIR 10 TDI (290);
SDR 326 TDI (3fffffffffffddb3cc33ffffffcffff0cf3307ba3fffffffffffdc33cc33ffffffffffffcf330f333f)
	TDO (3fffffffffffddb3cc33ffffffcffff0cf3307ba3fffffffffffdc33cc33ffffffffffffcf330f333f)
	MASK (3fffffffffffffffffffffffffffffffffffffffffffffffffffffffffffffffffffffffffffffffff);
SIR 10 TDI (2a1);
SDR 11 TDI (00a);
SIR 10 TDI (28c);
STATE IDLE;
RUNTEST 20001E-6 SEC;
SIR 10 TDI (290);
SDR 326 TDI (3ffffffffffffbd18813bfffffffffffc011013c3ffffffffffffc338813ffffffffffffcb130d333f)
	TDO (3ffffffffffffbd18813bfffffffffffc011013c3ffffffffffffc338813ffffffffffffcb130d333f)
	MASK (3fffffffffffffffffffffffffffffffffffffffffffffffffffffffffffffffffffffffffffffffff);
SIR 10 TDI (2a1);
SDR 11 TDI (00b);
SIR 10 TDI (28c);
STATE IDLE;
RUNTEST 20001E-6 SEC;
SIR 10 TDI (290);
SDR 326 TDI (3ffffee4423cf7ee77fffffffccf6e2fffefff777fffff3ccfff2e776667ffffccc30c0c37effeffff)
	TDO (3ffffee4423cf7ee77fffffffccf6e2fffefff777fffff3ccfff2e776667ffffccc30c0c37effeffff)
	MASK (3fffffffffffffffffffffffffffffffffffffffffffffffffffffffffffffffffffffffffffffffff);
STATE IDLE;
SIR 10 TDI (2a1);
SDR 11 TDI (0e0);
SIR 10 TDI (28c);
STATE IDLE;
RUNTEST 20001E-6 SEC;
SIR 10 TDI (290);
SDR 326 TDI (3fdffebfffffffffffffefff7ebfffffffffffffffffffffffffffffebfffffffebf7fffffffffffff)
	TDO (3fdffebfffffffffffffefff7ebfffffffffffffffffffffffffffffebfffffffebf7fffffffffffff)
	MASK (3fffffffffffffffffffffffffffffffffffffffffffffffffffffffffffffffffffffffffffffffff);
SIR 10 TDI (2a1);
SDR 11 TDI (0e1);
SIR 10 TDI (28c);
STATE IDLE;
RUNTEST 20001E-6 SEC;
SIR 10 TDI (290);
SDR 326 TDI (3ffffffffffd7ffffffffffffffffffd7fffffffd7ffffffffffffffffffffffd7fffffffffffffff7)
	TDO (3ffffffffffd7ffffffffffffffffffd7fffffffd7ffffffffffffffffffffffd7fffffffffffffff7)
	MASK (3fffffffffffffffffffffffffffffffffffffffffffffffffffffffffffffffffffffffffffffffff);
SIR 10 TDI (2a1);
SDR 11 TDI (0e2);
SIR 10 TDI (28c);
STATE IDLE;
RUNTEST 20001E-6 SEC;
SIR 10 TDI (290);
SDR 326 TDI (3fffffffffffffffffffffffffffffffffffefffffffffffffffffffffffffffffffffff7fffffffef)
	TDO (3fffffffffffffffffffffffffffffffffffefffffffffffffffffffffffffffffffffff7fffffffef)
	MASK (3fffffffffffffffffffffffffffffffffffffffffffffffffffffffffffffffffffffffffffffffff);
SIR 10 TDI (2a1);
SDR 11 TDI (0e3);
SIR 10 TDI (28c);
STATE IDLE;
RUNTEST 20001E-6 SEC;
SIR 10 TDI (290);
SDR 326 TDI (3fffffffffffdfffffbffdffffffffffffffffffffffffffffffffffffffffffffffffffdbffff3fff)
	TDO (3fffffffffffdfffffbffdffffffffffffffffffffffffffffffffffffffffffffffffffdbffff3fff)
	MASK (3fffffffffffffffffffffffffffffffffffffffffffffffffffffffffffffffffffffffffffffffff);
SIR 10 TDI (2a1);
SDR 11 TDI (0e4);
SIR 10 TDI (28c);
STATE IDLE;
RUNTEST 20001E-6 SEC;
SIR 10 TDI (290);
SDR 326 TDI (3ffffffffbfffffffffffffffffdfffffffffffffffffffffffffffffffffffffffdffffffffffffff)
	TDO (3ffffffffbfffffffffffffffffdfffffffffffffffffffffffffffffffffffffffdffffffffffffff)
	MASK (3fffffffffffffffffffffffffffffffffffffffffffffffffffffffffffffffffffffffffffffffff);
SIR 10 TDI (2a1);
SDR 11 TDI (0e5);
SIR 10 TDI (28c);
STATE IDLE;
RUNTEST 20001E-6 SEC;
SIR 10 TDI (290);
SDR 326 TDI (3d7fffffffffffffffffffffffffd7fffffff7fffc7fffffffff7fffffffffffffffd7ffffffffffff)
	TDO (3d7fffffffffffffffffffffffffd7fffffff7fffc7fffffffff7fffffffffffffffd7ffffffffffff)
	MASK (3fffffffffffffffffffffffffffffffffffffffffffffffffffffffffffffffffffffffffffffffff);
SIR 10 TDI (2a1);
SDR 11 TDI (0e6);
SIR 10 TDI (28c);
STATE IDLE;
RUNTEST 20001E-6 SEC;
SIR 10 TDI (290);
SDR 326 TDI (37ffedffffffffffffffdfffff7fefffbffffffffffbfbff6fffffffffffffffffffbfffffffffffdd)
	TDO (37ffedffffffffffffffdfffff7fefffbffffffffffbfbff6fffffffffffffffffffbfffffffffffdd)
	MASK (3fffffffffffffffffffffffffffffffffffffffffffffffffffffffffffffffffffffffffffffffff);
SIR 10 TDI (2a1);
SDR 11 TDI (0e7);
SIR 10 TDI (28c);
STATE IDLE;
RUNTEST 20001E-6 SEC;
SIR 10 TDI (290);
SDR 326 TDI (3ffffffffffffffffffffffffffffffffffffffffff7ffffffffffdefffffffffffffffffffffbffff)
	TDO (3ffffffffffffffffffffffffffffffffffffffffff7ffffffffffdefffffffffffffffffffffbffff)
	MASK (3fffffffffffffffffffffffffffffffffffffffffffffffffffffffffffffffffffffffffffffffff);
SIR 10 TDI (2a1);
SDR 11 TDI (0e8);
SIR 10 TDI (28c);
STATE IDLE;
RUNTEST 20001E-6 SEC;
SIR 10 TDI (290);
SDR 326 TDI (3fff5ffff7ffffffffffffffdbdf7ffffffeffffffffdffffbffff7f7f7fffffffffffffffffffffff)
	TDO (3fff5ffff7ffffffffffffffdbdf7ffffffeffffffffdffffbffff7f7f7fffffffffffffffffffffff)
	MASK (3fffffffffffffffffffffffffffffffffffffffffffffffffffffffffffffffffffffffffffffffff);
SIR 10 TDI (2a1);
SDR 11 TDI (0e9);
SIR 10 TDI (28c);
STATE IDLE;
RUNTEST 20001E-6 SEC;
SIR 10 TDI (290);
SDR 326 TDI (3ffebfffffd7fffffffffffebfffffd7fffffefffffcbfdffffbfffffffffffd7fd7ffffffebf7ffff)
	TDO (3ffebfffffd7fffffffffffebfffffd7fffffefffffcbfdffffbfffffffffffd7fd7ffffffebf7ffff)
	MASK (3fffffffffffffffffffffffffffffffffffffffffffffffffffffffffffffffffffffffffffffffff);
SIR 10 TDI (2a1);
SDR 11 TDI (0ea);
SIR 10 TDI (28c);
STATE IDLE;
RUNTEST 20001E-6 SEC;
SIR 10 TDI (290);
SDR 326 TDI (3fbffffffffffffeffffffbffffffffffd7fffffffffffffffffd7fffffffc3fffffffffffffffffff)
	TDO (3fbffffffffffffeffffffbffffffffffd7fffffffffffffffffd7fffffffc3fffffffffffffffffff)
	MASK (3fffffffffffffffffffffffffffffffffffffffffffffffffffffffffffffffffffffffffffffffff);
SIR 10 TDI (2a1);
SDR 11 TDI (0eb);
SIR 10 TDI (28c);
STATE IDLE;
RUNTEST 20001E-6 SEC;
SIR 10 TDI (290);
SDR 326 TDI (3fffffffffffffbfd7ffffffffeffd7fffbffffffffffd7fffffffbffefffffffd6bffffffffffffff)
	TDO (3fffffffffffffbfd7ffffffffeffd7fffbffffffffffd7fffffffbffefffffffd6bffffffffffffff)
	MASK (3fffffffffffffffffffffffffffffffffffffffffffffffffffffffffffffffffffffffffffffffff);
SIR 10 TDI (2a1);
SDR 11 TDI (0ec);
SIR 10 TDI (28c);
STATE IDLE;
RUNTEST 20001E-6 SEC;
SIR 10 TDI (290);
SDR 326 TDI (3fffffffffffeffffffffffffffffffffffffffffbffffffffffefffffffffffffffffffffffffffff)
	TDO (3fffffffffffeffffffffffffffffffffffffffffbffffffffffefffffffffffffffffffffffffffff)
	MASK (3fffffffffffffffffffffffffffffffffffffffffffffffffffffffffffffffffffffffffffffffff);
SIR 10 TDI (2a1);
SDR 11 TDI (0ed);
SIR 10 TDI (28c);
STATE IDLE;
RUNTEST 20001E-6 SEC;
SIR 10 TDI (290);
SDR 326 TDI (3ffffffffffffffffffffff7fffffffffffffffffffffffffffeffffffffffffbffffffffffffdffff)
	TDO (3ffffffffffffffffffffff7fffffffffffffffffffffffffffeffffffffffffbffffffffffffdffff)
	MASK (3fffffffffffffffffffffffffffffffffffffffffffffffffffffffffffffffffffffffffffffffff);
SIR 10 TDI (2a1);
SDR 11 TDI (0ee);
SIR 10 TDI (28c);
STATE IDLE;
RUNTEST 20001E-6 SEC;
SIR 10 TDI (290);
SDR 326 TDI (3fffffefbfffffffff43ff7fffffffffffefffc3ffffffefffffffffffc3ffdfffffffffffffffc3ff)
	TDO (3fffffefbfffffffff43ff7fffffffffffefffc3ffffffefffffffffffc3ffdfffffffffffffffc3ff)
	MASK (3fffffffffffffffffffffffffffffffffffffffffffffffffffffffffffffffffffffffffffffffff);
SIR 10 TDI (2a1);
SDR 11 TDI (0ef);
SIR 10 TDI (28c);
STATE IDLE;
RUNTEST 20001E-6 SEC;
SIR 10 TDI (290);
SDR 326 TDI (3fffffffffffffffffffffffffffffffffffffffffff7fffffffffffffbfffffffffffffefffffffff)
	TDO (3fffffffffffffffffffffffffffffffffffffffffff7fffffffffffffbfffffffffffffefffffffff)
	MASK (3fffffffffffffffffffffffffffffffffffffffffffffffffffffffffffffffffffffffffffffffff);
SIR 10 TDI (2a1);
SDR 11 TDI (0f0);
SIR 10 TDI (28c);
STATE IDLE;
RUNTEST 20001E-6 SEC;
SIR 10 TDI (290);
SDR 326 TDI (3ffffffffffffffbffffffffffffffffffffdfffffffffffffffffffd7fffffffffffeffffffffffff)
	TDO (3ffffffffffffffbffffffffffffffffffffdfffffffffffffffffffd7fffffffffffeffffffffffff)
	MASK (3fffffffffffffffffffffffffffffffffffffffffffffffffffffffffffffffffffffffffffffffff);
SIR 10 TDI (2a1);
SDR 11 TDI (0f1);
SIR 10 TDI (28c);
STATE IDLE;
RUNTEST 20001E-6 SEC;
SIR 10 TDI (290);
SDR 326 TDI (3fffffffffffffd7fffffbfffffffffbffd7fffffffffffffebffff7bfffffffffffffffffd7fffffb)
	TDO (3fffffffffffffd7fffffbfffffffffbffd7fffffffffffffebffff7bfffffffffffffffffd7fffffb)
	MASK (3fffffffffffffffffffffffffffffffffffffffffffffffffffffffffffffffffffffffffffffffff);
SIR 10 TDI (2a1);
SDR 11 TDI (0f2);
SIR 10 TDI (28c);
STATE IDLE;
RUNTEST 20001E-6 SEC;
SIR 10 TDI (290);
SDR 326 TDI (3fffffffffffff7febfffffffff6fffffffbffffffffffffffffffebfffffffffffffffbffffdeffff)
	TDO (3fffffffffffff7febfffffffff6fffffffbffffffffffffffffffebfffffffffffffffbffffdeffff)
	MASK (3fffffffffffffffffffffffffffffffffffffffffffffffffffffffffffffffffffffffffffffffff);
SIR 10 TDI (2a1);
SDR 11 TDI (0f3);
SIR 10 TDI (28c);
STATE IDLE;
RUNTEST 20001E-6 SEC;
SIR 10 TDI (290);
SDR 326 TDI (3ffffffffffffffffffffffffffffffffffffdffffbfeffefffdffffffffffffffffffffffffffffff)
	TDO (3ffffffffffffffffffffffffffffffffffffdffffbfeffefffdffffffffffffffffffffffffffffff)
	MASK (3fffffffffffffffffffffffffffffffffffffffffffffffffffffffffffffffffffffffffffffffff);
SIR 10 TDI (2a1);
SDR 11 TDI (0f4);
SIR 10 TDI (28c);
STATE IDLE;
RUNTEST 20001E-6 SEC;
SIR 10 TDI (290);
SDR 326 TDI (3fffffffffffffff7ffff7ffffffffffd7ffffffffeff7f5ff7ffffffffffbffffffffffffffffffff)
	TDO (3fffffffffffffff7ffff7ffffffffffd7ffffffffeff7f5ff7ffffffffffbffffffffffffffffffff)
	MASK (3fffffffffffffffffffffffffffffffffffffffffffffffffffffffffffffffffffffffffffffffff);
SIR 10 TDI (2a1);
SDR 11 TDI (0f5);
SIR 10 TDI (28c);
STATE IDLE;
RUNTEST 20001E-6 SEC;
SIR 10 TDI (290);
SDR 326 TDI (3ffffffffffff7ffbffffffffffffffeffffbffffffffffffffff9fdfffffffffffffffffd3d7fffff)
	TDO (3ffffffffffff7ffbffffffffffffffeffffbffffffffffffffff9fdfffffffffffffffffd3d7fffff)
	MASK (3fffffffffffffffffffffffffffffffffffffffffffffffffffffffffffffffffffffffffffffffff);
SIR 10 TDI (2a1);
SDR 11 TDI (0f6);
SIR 10 TDI (28c);
STATE IDLE;
RUNTEST 20001E-6 SEC;
SIR 10 TDI (290);
SDR 326 TDI (3ffffffffffffffffffffffffffffffffffffffffffffffff7ffbffffffffffffffffffebfffffffff)
	TDO (3ffffffffffffffffffffffffffffffffffffffffffffffff7ffbffffffffffffffffffebfffffffff)
	MASK (3fffffffffffffffffffffffffffffffffffffffffffffffffffffffffffffffffffffffffffffffff);
SIR 10 TDI (2a1);
SDR 11 TDI (0f7);
SIR 10 TDI (28c);
STATE IDLE;
RUNTEST 20001E-6 SEC;
SIR 10 TDI (290);
SDR 326 TDI (3fffffd3fffefffffffffffbfffbfefffffd7bfffffffffbffd7feffffffffffffffffd7fffeaffdff)
	TDO (3fffffd3fffefffffffffffbfffbfefffffd7bfffffffffbffd7feffffffffffffffffd7fffeaffdff)
	MASK (3fffffffffffffffffffffffffffffffffffffffffffffffffffffffffffffffffffffffffffffffff);
SIR 10 TDI (2a1);
SDR 11 TDI (0f8);
SIR 10 TDI (28c);
STATE IDLE;
RUNTEST 20001E-6 SEC;
SIR 10 TDI (290);
SDR 326 TDI (3fffffffdffffffffefc3fffffffffffffffffbc2ffffffffffffffffffc3ffffffffffffffffffe3e)
	TDO (3fffffffdffffffffefc3fffffffffffffffffbc2ffffffffffffffffffc3ffffffffffffffffffe3e)
	MASK (3fffffffffffffffffffffffffffffffffffffffffffffffffffffffffffffffffffffffffffffffff);
SIR 10 TDI (2a1);
SDR 11 TDI (0f9);
SIR 10 TDI (28c);
STATE IDLE;
RUNTEST 20001E-6 SEC;
SIR 10 TDI (290);
SDR 326 TDI (3ffffffffffffffffffffffffffffffffafffffffffffefffffffffffdfff7ffffffffffffffffffff)
	TDO (3ffffffffffffffffffffffffffffffffafffffffffffefffffffffffdfff7ffffffffffffffffffff)
	MASK (3fffffffffffffffffffffffffffffffffffffffffffffffffffffffffffffffffffffffffffffffff);
SIR 10 TDI (2a1);
SDR 11 TDI (0fa);
SIR 10 TDI (28c);
STATE IDLE;
RUNTEST 20001E-6 SEC;
SIR 10 TDI (290);
SDR 326 TDI (1fe9fbffffffbcedffffffcdfdffffbfffffffffffdffffffdefffffffffefebffffffbdffffffffff)
	TDO (1fe9fbffffffbcedffffffcdfdffffbfffffffffffdffffffdefffffffffefebffffffbdffffffffff)
	MASK (3fffffffffffffffffffffffffffffffffffffffffffffffffffffffffffffffffffffffffffffffff);
STATE IDLE;
SIR 10 TDI (2a1);
SDR 11 TDI (200);
SIR 10 TDI (28c);
STATE IDLE;
RUNTEST 20001E-6 SEC;
SIR 10 TDI (292);
SDR 4 TDI (f)
	TDO (f)
	MASK (f);
STATE IDLE;
SIR 10 TDI (2a1);
SDR 11 TDI (300);
SIR 10 TDI (28c);
STATE IDLE;
RUNTEST 20001E-6 SEC;
SIR 10 TDI (293);
SDR 16 TDI (ffff)
	TDO (ffff)
	MASK (ffff);
STATE IDLE;
SIR 10 TDI (2a1);
SDR 11 TDI (100);
SIR 10 TDI (28c);
STATE IDLE;
RUNTEST 20001E-6 SEC;
SIR 10 TDI (291);
SDR 32 TDI (70cd707f)
	TDO (70cd707f)
	MASK (ffffffff);
STATE IDLE;
SIR 10 TDI (280);
SDR 10 TDI (000);
STATE IDLE;
RUNTEST 10001E-6 SEC;
STATE RESET;
RUNTEST 50021E-6 SEC;
